Token,Chapter_Category,Word_Count,Token_Type,Has_Handshape_Analysis,Handshapes,Sign_Description
A,Grammar and Parts of Speech,1,Single letter,No,,
ABOAKYERE,Festivals and Holidays,1,Single word,Yes,"""W"" hand","Place the ""W"" hand against your temple and move upward in an arc."
ABORTION,Health,1,Single word,Yes,AND hand (flat O); Open hand,"Place both open hands together with palms upward and pull the right hand down into the ""AND"" hand."
ABOUT,Travel and Directions,1,Single word,Yes,"""A"" hand","With both ""A"" hands pointing in opposite directions, circle the right hand around the left."
ABOVE,Travel and Directions,1,Single word,Yes,Flat hand,"With both flat hands pointing downward, slide the right hand over the left."
ABRAHAM,Religion,1,Single word,Yes,"""A"" hand","Place the ""A"" hand flat against your left elbow."
ABSENT,Education and Communication,1,Single word,Yes,Index finger (1); Pinch (thumb + index),"With palm facing you, point the index finger up then pull back and thouch the thumb and index finger."
ABSTINENCE,Health,1,Single word,Yes,Flat hand,Hold both flat hands at your shoulders and press forward slightly.
ACCEPT,Activities,1,Single word,Yes,AND hand (flat O); Open hand,"Hold both open hands to the font of the body and move them to the chest with ""AND"" hands."
ACCIDENT,Travel and Directions,1,Single word,Yes,"""A"" hand","Crash the knuckles of both ""A"" hands together."
ACCOUNT,Money,1,Single word,Yes,"""A"" hand; Flat hand","Slide the right ""A"" hand against the palm of the left flat hand."
ACCOUNTANT,Work,1,Single word,Yes,"""A"" hand; Flat hand","Slide the ""A"" hand across the left palm then slide your flat hands down the body."
ACCRA,Travel and Directions,1,Single word,Yes,"""R"" hand","Wave the ""R"" hand up and down at your shoulder."
ACROSS,Travel and Directions,1,Single word,Yes,Open hand,Slide the right open hand over the left wrist.
ACTIVITY,Activities,1,Single word,Yes,"""C"" hand","Place both ""C"" hands with palms down in front of the body and swing both hands back and forth."
ACTOR,Work,1,Single word,Yes,"""A"" hand; Flat hand","Circle both ""A"" hands at your chest with thumbs back then slide your flat hands down the body."
ADAM,Religion,1,Single word,Yes,"""A"" hand","Place the ""A"" hand at your right temple."
ADD,Money,1,Single word,Yes,AND hand (flat O),"Bing the right ""AND"" hand down on top of the left ""AND"" hand so the fingertips touch."
ADDO AUFO,Politics,2,Multi-word phrase,Yes,"""G"" hand","Tap the ""G"" hand to the chin twice."
ADDRESS,Technology,1,Single word,Yes,"""A"" hand","With both ""A"" hands, start at the chest and then move down to the abdomen."
ADEAKESE,Festivals and Holidays,1,Single word,Yes,"""A"" hand","Place both ""A"" hands in front of your body and switch positions."
ADJECTIVE,Grammar and Parts of Speech,1,Single word,Yes,"""A"" hand; ""D"" hand","Place the ""A"" hand at the left side of the mouth then place the ""D"" hand at the right side of the mouth."
ADULT,"Family, People, and Pronouns",1,Single word,Yes,"""A"" hand","Place the ""A"" hand thumb first at the side of the chin, then at the temple."
ADVISE,Education and Communication,1,Single word,Yes,"""S"" hand; Clawed hand","Starting with the ""S"" hand, open to the clawed hand and tap your wrists together."
AEROPLANE,Travel and Directions,1,Single word,Yes,ILY hand,"Glide your right ""ILY"" hand over the left hand."
AFRICA,Travel and Directions,1,Single word,Yes,"""A"" hand","Circle the face with the ""A"" hand, while keeping the thumb pointed upward."
AFTERNOON,Time,1,Single word,Yes,Flat hand,"With your left arm in front of your body, place the right arm and flat hand pointed upward"
AGAIN,Time,1,Single word,Yes,Flat hand,Place the fingertips of the right flat hand into the left palm.
AGITATE,Idiomatic Expressions,1,Single word,Yes,Flat hand,Tap the fingertips of the flat right hand into the flat left hand a few times.
AGREE,Ideas and Mental Action,1,Single word,Yes,Index finger (1),Touch your temple with your index finger then place both index fingers together in front of your body.
AHEAD,Travel and Directions,1,Single word,Yes,"""A"" hand","Place both ""A"" hands together with thumbs pointing up then curve the right hand forward."
AIDS,Health,1,Single word,Yes,"""S"" hand","Place both ""S"" hands together then pull the right hand upward."
AKPETESHI,Food,1,Single word,Yes,Curved hand,Slide the right curved hand under the left arm.
ALL,Money,1,Single word,Yes,Flat hand,"Swing the right flat hand around the left flat hand, ending with both hands together in front of your body."
ALLOW,Activities,1,Single word,Yes,Flat hand,Hold both flat hands forward then swing them upward simultaneously so that the fingertips point upward.
ALMOST,Money,1,Single word,Yes,Curved hand,Brush the fingertips of the right curved hand against the left fingertips as you swing upward.
ALWAYS,Opposites and Questions,1,Single word,Yes,Index finger (1),Point the index finger upward then move it in a large circle.
AM,Grammar and Parts of Speech,1,Single word,Yes,"""A"" hand","Place the ""A"" hand at the lips and move it forward."
AMEN,Religion,1,Single word,Yes,"""A"" hand","Stamp your left palm with the right ""A"" hand."
AMERICA,Travel and Directions,1,Single word,No,,Interlock your fingers and circle both arms in front of your body.
AMOUNG,Travel and Directions,1,Single word,Yes,Index finger (1),Wave the right index finger through the fingers of the open left hand.
AMPE,Sports and Games,1,Single word,No,,Clap your hands in front of your body and kick out one of your legs.
AN,Grammar and Parts of Speech,1,Fingerspelled,Yes,"""A"" hand; ""N"" hand","Spell the letters ""A"" and ""N"" while moving the hand slightly to the right."
ANALYZE,Education and Communication,1,Single word,Yes,"""C"" hand","Place both ""C"" hands in front of your body and circle them in opposite directions."
ANCIENT,Time,1,Single word,Yes,Open hand,Circle both open hands back over your right shoulder.
AND,Grammar and Parts of Speech,1,Single word,Yes,Open hand,Move the right open hand to the right while brining the fingertips and thumb together.
ANGEL,Religion,1,Single word,Yes,Flat hand,Touch your shoulders with flat hands then turn your hands forward.
ANGLICAN,Religion,1,Single word,Yes,"""A"" hand","Using the ""A"" hand, draw a cross over your forehead."
ANGRY,Emotions and Character,1,Single word,Yes,Clawed hand,Pull both clawed hands upward from your waist.
ANIMAL,Animals,1,Single word,Yes,Bent hand,Place the fingertips of both bent hands on the chest and rock both hands back and forth.
ANNOUNCE,Activities,1,Single word,Yes,Index finger (1),Place both index fingers at your mouth and lift both hands upward simultaneously.
ANNUAL,Time,1,Single word,Yes,"""S"" hand","With both ""S"" hands in front of your body, circle the right hand around the left continually."
ANSWER,Opposites and Questions,1,Single word,Yes,"""R"" hand","Place the right ""R"" hand to your lips and the left ""R"" hand slightly forward then rotate them both downward."
ANUS,Health,1,Single word,Yes,"""O"" hand","Slightly open and squeeze the ""O"" hand."
APART,Opposites and Questions,1,Single word,Yes,"""F"" hand; Open hand","Connect both ""F"" hand together then separate both hands by opening the fingers into open hands."
APOO,Festivals and Holidays,1,Single word,Yes,"""X"" hand","Alternately swing your ""X"" fingers up and down."
APPEAR,Travel and Directions,1,Single word,Yes,Index finger (1); Middle finger (8),Slide your right index finger up in between the left index and middle fingers.
APPLAUSE,Activities,1,Single word,No,,Lift both hands up at the sides of your head and shake both hands at the wrists.
APPLE,Food,1,Single word,Yes,"""A"" hand","Place the thumb of the ""A"" hand on the cheek and twist back and forth."
APPLY,Activities,1,Single word,Yes,Index finger (1); Middle finger (8),Insert the right index finger in between the left index and middle fingers.
APRIL,Time,1,Single word,Yes,"""A"" hand; ""P"" hand","Press ""A"" hand into the left palm then the ""P"" hand to the back of the left hand."
ARE,Grammar and Parts of Speech,1,Single word,Yes,"""R"" hand","Place the ""R"" hand at the lips and move it forward."
AREA,Travel and Directions,1,Single word,No,,"Touch the fingertips of both ‘A"" hands together then curve them backward into the same position."
ARGUE,Education and Communication,1,Single word,Yes,"""X"" hand","Move both ""X"" hands back and forth at each other a few times."
AROUND,Travel and Directions,1,Single word,Yes,"""R"" hand","With both ""R"" hands pointing in opposite directions, circle the right hand around the left."
ARRIVE,Activities,1,Single word,Yes,Flat hand,Move the back of the right flat hand into the left palm.
ARSENAL,Sports and Games,1,Single word,Yes,"""A"" hand; ""L"" hand","Place the palm of the ""A"" hand against your cheek then move up to your temple turning it into the ""L"" hand."
ARTIST,Work,1,Single word,Yes,"""I"" hand; Flat hand","Draw the little finger of the ""I"" hand down your left palm then slide your flat hands down the body."
ASK,Opposites and Questions,1,Single word,Yes,Flat hand,Place both flat hands together with palms touching and move them in a forward arc.
ASSEMBLES OF GOD,Religion,3,Multi-word phrase,Yes,Flat hand,"Place the fingertips of both flat hands together, then rotate hands and repeat on the opposite side."
ASSIST,Education and Communication,1,Single word,Yes,"""A"" hand; ""S"" hand","Place the right ""A"" hand under the ""S"" hand wrist and push upward."
AT,Travel and Directions,1,Single word,Yes,Bent hand,Point the right bent hand into the left wrist.
ATTACK,Activities,1,Single word,Yes,Index finger (1),Grasp the right index finger with the left hand.
ATTITUDE,Emotions and Character,1,Single word,Yes,"""A"" hand","Rotate the ""A"" hand around your heart with thumb pointing to yourself."
AUGUST,Time,1,Single word,Yes,"""A"" hand","Press ""A"" hand into the left palm t hen the back of the left hand."
AUNT,"Family, People, and Pronouns",1,Single word,Yes,"""A"" hand","Shake the wrist of the ""A"" hand at your cheek."
AUTHORITY,Education and Communication,1,Single word,Yes,"""A"" hand","Place the ""A"" hand flat against your left shoulder then bring it to the left inner elbow with the thumb upward."
AVOID,Activities,1,Single word,No,,Hold the right arm up with the palm flat and pointing away from the body.
AWAKE,Health,1,Single word,Yes,Index finger (1); Pinch (thumb + index),"With your index finger and thumb touching, place your hands at the eyes and open both index fingers."
AWAY,Travel and Directions,1,Single word,No,,Wipe the top of your left hand with the open right hand.
AZONTO,Sports and Games,1,Single word,Yes,"""S"" hand","Slide the right ""S"" hand over the left a few times then bring both hands to the side of your head."
B,Technology,1,Single letter,No,,
BABY,"Family, People, and Pronouns",1,Single word,No,,Hold the arms like you are cradling a baby and rock you arms back and forth.
BACKBITING,Idiomatic Expressions,1,Single word,Yes,"""B"" hand","Jab the ""B"" hand forward toward the back of your head."
BAD,Opposites and Questions,1,Single word,No,,Place the fingertips of the right hand at the lips then move the hand down and to the right.
BAG,Home and Clothing,1,Single word,Yes,"""A"" hand","Place both ""A"" hands at the shoulders and then move the hands down toward your waist."
BALL,Sports and Games,1,Single word,Yes,"""S"" hand; Index finger (1)","Place the right index finger on the back of the left ""S"" hand then move the left hand up and down a few times."
BALLOON,Sports and Games,1,Single word,Yes,"""S"" hand","Hold the right ""S"" hand in front of your mouth then open both hands in front of your body."
BANANA,Food,1,Single word,Yes,Index finger (1),"With your left index finger pointing up, use the right hand to make a peeling motion around it."
BANDA,Festivals and Holidays,1,Single word,Yes,Index finger (1),Alternately swing your index fingers up and down in front of your body.
BANK,Money,1,Single word,Yes,"""B"" hand; Flat hand","Tap the right ""B"" hand against the back of the flat left hand a few times."
BANKER,Work,1,Single word,Yes,"""B"" hand; Flat hand","Tap the back of your left hand with the ""B"" hand then slide your flat hands down the body."
BANKU,Food,1,Single word,Yes,"""S"" hand","With both ""S"" hands in front you, drive them toward the body several times."
BANKU (NORTH),Food,2,Multi-word phrase,Yes,"""B"" hand","Place the ""B"" hand fingertips against the cheek."
BAPTISM,Religion,1,Single word,Yes,"""A"" hand","Place both ""A"" hands pointing in the same direction at the waist, then pull the hands up until they are vertical."
BARCELONA,Sports and Games,1,Single word,Yes,"""B"" hand; Index finger (1)","Tap the index finger side of the ""B"" hand at your cheek a few times."
BASKET,Home and Clothing,1,Single word,Yes,"""B"" hand","Place the ""B"" hand at the wrist and then the elbow of the left arm."
BASKETBALL,Sports and Games,1,Single word,Yes,Curved hand,Bounce both curved hands up and down then hold both hands at head level and flick hands forward.
BAT,Animals,1,Single word,Yes,"""C"" hand","Tap the upturned ""C"" hand against the bottom the the left arm a few times."
BATH,Home and Clothing,1,Single word,Yes,"""A"" hand","Slide both ""A"" hands up and down your body alternately."
BATHE,Health,1,Single word,Yes,"""A"" hand","Slide both ""A"" hands up and down your body alternately."
BATIK,Festivals and Holidays,1,Single word,Yes,"""A"" hand","Bounce your upturned ""A"" hand from your left palm to the side."
BEANS,Food,1,Single word,Yes,Index finger (1); Pinch (thumb + index),Place the right index finger between the left index finger and thumb and twist back and forth.
BEARD,Health,1,Single word,No,,Stroke your chin with the right hand.
BEAT,Activities,1,Single word,Yes,Fist / closed hand,Quickly drop the right fist over the left wrist.
BEAUTIFUL,Opposites and Questions,1,Single word,Yes,Open hand,Circle your face with the open hand and close fingers slightly as you complete one rotation.
BECAUSE,Opposites and Questions,1,Single word,Yes,Index finger (1),Alternately place both index fingers on the forehead and move both hands while bending the index fingers.
BECE,Education and Communication,1,Single word,No,,"Sign the letters ""B"" ""E"" ""C"" and ""E"" as you move the hand slightly to the right."
BECHEM SCHOOL FOR THE DEAF,Travel and Directions,5,Multi-word phrase,Yes,"""A"" hand; ""B"" hand","Place the fingertips of the ""B"" hand on the left wrist and pull back into the ""A"" hand."
BECHEM UNITED,Sports and Games,2,Multi-word phrase,Yes,"""A"" hand; ""B"" hand; ""U"" hand","1. Slide the ""B"" hand back into the ""A"" hand from wrist. 2. Circle both ""U"" hands with fingers touching."
BECOME,Activities,1,Single word,Yes,"""B"" hand","Bring both ""B"" hands together at the wrists then twist your wrists so the hands change positions."
BED,Home and Clothing,1,Single word,Yes,Flat hand,Hold both flat hands together and place them on the cheek.
BEE,Animals,1,Single word,Yes,Index finger (1); Pinch (thumb + index),Bring the thumb and index finger of both hands together and tap both sides of the face alternately.
BEER,Food,1,Single word,Yes,"""B"" hand","Place the ""B"" hand against the cheek and rotate in a backward motion."
BEG,Money,1,Single word,Yes,Flat hand,Place the backs of both flat hands together and circle the right hand against the left.
BEHAVIOUR,Activities,1,Single word,Yes,"""B"" hand","Rock both ""B"" hands back and forth in front of the body."
BEHIND,Travel and Directions,1,Single word,Yes,"""A"" hand","Place both ""A"" hands together with thumbs pointing up then curve the right hand backward."
BEING IDLE,Idiomatic Expressions,2,Multi-word phrase,Yes,"""Q"" hand","Place both ""Q"" hands on your chest and open and close your fingers."
BELIEF,Religion,1,Single word,Yes,"""A"" hand; Flat hand","Place both flat hands together and pull them in opposite directions while closing into ""A"" hands."
BELIEVE,Ideas and Mental Action,1,Single word,Yes,"""A"" hand; Flat hand","Place both flat hands together and pull them in opposite directions while closing into ""A"" hands."
BELOW,Travel and Directions,1,Single word,Yes,Flat hand,"With both flat hands pointing downward, slide the right hand under the left."
BEST,Emotions and Character,1,Single word,Yes,"""A"" hand; Flat hand","Sweep your flat hand across your mouth and up while closing into ""A"" hand."
BETTER,Emotions and Character,1,Single word,Yes,"""A"" hand; Flat hand","Sweep your flat hand across your mouth and close into ""A"" hand."
BETWEEN,Travel and Directions,1,Single word,Yes,Flat hand; Middle finger (8),Insert the right flat hand in between the left index and middle fingers then wave the hand side-to-side.
BEYOND,Travel and Directions,1,Single word,Yes,Bent hand,Place both bent hands together and move the right hand up and forward.
BIBLE,Religion,1,Single word,Yes,"""B"" hand","Move the ""B"" hand from your fingertips to your palm."
BICYCLE,Sports and Games,1,Single word,Yes,"""S"" hand","Move both downturned ""S"" hands forward in alternating circles."
BIG BUTT,Idiomatic Expressions,2,Multi-word phrase,Yes,"""Y"" hand","Trace the oultine of a large arc using both ""Y"" hands in opposite directions."
BIRD,Animals,1,Single word,Yes,Flat hand,Place both flat hands at your shoulders and flap them up and down.
BIRTH,Health,1,Single word,Yes,Flat hand,Swing the right flat hand under the left flat hand.
BIRTHDAY,Festivals and Holidays,1,Single word,Yes,Index finger (1),Swing your right hand under the left then drop your right arm to your left elbow with the index finger up.
BISCUIT,Food,1,Single word,Yes,Clawed hand,Twist the clawed hand in the left palm.
BITTER,Food,1,Single word,Yes,Index finger (1),Place the tip of the index finger at your cheek and twist forward.
BITTER SOUP,Food,2,Multi-word phrase,Yes,"""B"" hand","Shake the ""B"" hand against your cheek."
BLACK,Colours,1,Single word,Yes,Index finger (1),Move the index finger sideways across your forehead.
BLACK STARS,Sports and Games,2,Multi-word phrase,Yes,"""B"" hand; Index finger (1)","1. Slide the right ""B"" hand across your eyebrows. 2. Move both index fingers upward alternately."
BLACKBOARD,Education and Communication,1,Single word,Yes,"""B"" hand","Place the ""B"" hand in front of your left side then move to the right side."
BLADE,Home and Clothing,1,Single word,Yes,"""A"" hand","Move the thumb of the ""A"" hand downward on the cheek."
BLAME,Activities,1,Single word,Yes,"""A"" hand","With the thumb pointing upward, push the right ""A"" hand across the top of the left hand."
BLESS,Religion,1,Single word,Yes,"""A"" hand; Flat hand","Place both ""A"" hands under your mouth then bring them forward while opening to flat hands."
BLIND,"Family, People, and Pronouns",1,Single word,Yes,"""V"" hand","Point the fingertips of the curved ""V"" hand in front of the eyes."
BLOOD,Health,1,Single word,Yes,Open hand,Silde the right open hand down the left open hand and wiggle the fingers.
BLUE,Colours,1,Single word,Yes,"""B"" hand","Shake the ""B"" hand at the wrist."
BOAST,Emotions and Character,1,Single word,Yes,"""A"" hand","Place the thumbs of both ""A"" hands against your waist alternately."
BOAT,Travel and Directions,1,Single word,Yes,Curved hand,Place both curved hands together and gently rock them forward.
BODY,Health,1,Single word,Yes,Flat hand,Tap your chest and then abdomen with flat hands.
BOLGATANGA,Travel and Directions,1,Single word,Yes,"""B"" hand","Draw the ""B"" hand downward from the side of the nose to the mouth."
BOMBSHELL,Idiomatic Expressions,1,Single word,Yes,AND hand (flat O),"Place both ""AND"" hands at waist level and suddenly force them upward while opening your fingers."
BONE,Health,1,Single word,No,,Grasp your left wrist in your right hand and gently shake back and forth.
BOOK,Education and Communication,1,Single word,Yes,Flat hand; Little finger (I),Open and close both flat hands while keeping the little fingers together.
BOREHOLE,Home and Clothing,1,Single word,Yes,"""S"" hand","Bring both ""S"" hands up and down simultaneously."
BORING,Emotions and Character,1,Single word,Yes,Index finger (1),Place the index finger against your nose and rotate forward slightly.
BORROW,Money,1,Single word,Yes,"""V"" hand","Cross the curved ""V"" hands at the wrists and move them toward the body."
BOSS,Work,1,Single word,Yes,Clawed hand,Place the clawed hand on your right shoulder.
BOTH,Money,1,Single word,Yes,"""2"" hand","Slide the right ""2"" hand down from the grasp of the left hand."
BOTH OF US,Idiomatic Expressions,3,Multi-word phrase,Yes,"""K"" hand","Rock the ""K"" hand forward and back between yourself and the person being addressed."
BOTHER,Activities,1,Single word,Yes,Flat hand; Index finger (1),Bring the right flat hand down between the middle and index fingers of the left hand.
BOWL,Food,1,Single word,Yes,Curved hand,Place the fingertips of both curved hands together in front you and draw back in a circular motion.
BOXING,Sports and Games,1,Single word,Yes,"""S"" hand","Alternate punching in front of you with ""S"" hands."
BOY,"Family, People, and Pronouns",1,Single word,Yes,AND hand (flat O),"Move the ""AND"" hand to the forehead then move the hand slightly forward."
BRAIN,Health,1,Single word,Yes,"""B"" hand","Place the thumb of the ""B"" hand against your forehead."
BRAVE,Emotions and Character,1,Single word,Yes,"""B"" hand","Press the ""B"" hand into your chest then pull it forward."
BRAZIL,Travel and Directions,1,Single word,Yes,"""B"" hand","Place the ""B"" hand facing out on your forehead then twist the hand forward and to your eyebrow."
BREAD,Food,1,Single word,Yes,Curved hand; Flat hand,Draw the right curved hand down over the back of the flat left hand a few times.
BREAK,Activities,1,Single word,Yes,"""S"" hand","Place both ""S"" hands together with the palms down then rotate each hand outward in opposite directions."
BREAKFAST,Food,1,Single word,Yes,"""B"" hand","Move the ""B"" hand toward the mouth a few times."
BREASTFEED,Health,1,Single word,No,,Hold your left arm at your side and squeeze your right hand at the chest.
BREASTS,Health,1,Single word,Yes,Open hand,Hold open hands over your chest.
BREATHE,Health,1,Single word,Yes,Open hand,Place both open hands at your chest and move them back and forth slowly.
BREEZE,Science and Nature,1,Single word,Yes,Open hand,Wave both open hands back and forth in front of your body.
BRIBE,Politics,1,Single word,Yes,"""B"" hand","Hide the ""B"" hand under the left hand and fan it side to side."
BRIDGE,Travel and Directions,1,Single word,Yes,"""V"" hand","Hold your left arm in front of your body and tap the fingers of the ""V"" hand to the wrist and elbow."
BRIGHT,Opposites and Questions,1,Single word,Yes,AND hand (flat O); Open hand,"Hold both ""AND"" hands in front of the body then raise both into open hands."
BRING,Activities,1,Single word,Yes,Flat hand,Hold both flat hands with palms up and move both hands in toward the body.
BRONG AHAFO,Travel and Directions,2,Multi-word phrase,No,,"Sign the letters ""B"" and ""A"" while moving your hand slightly to the right."
BROTHER,"Family, People, and Pronouns",1,Single word,Yes,AND hand (flat O); Index finger (1),"Make the sign for ""BOY"" then point both index fingers forward and bring them together."
BROWN,Colours,1,Single word,Yes,"""B"" hand","Rub the ""B"" hands together in a circular motion."
BUCKET,Home and Clothing,1,Single word,Yes,"""S"" hand","Pull the ""S"" hand up at the side of your body."
BUFFLOAF,Food,1,Single word,Yes,Fist / closed hand,Cup the air and then bring your hand down into a fist.
BUILDER,Work,1,Single word,Yes,Flat hand,1 and 2: Layer both arms above each other alternately 3: Slide your flat hands down the body.
BUISNESS,Work,1,Single word,Yes,"""B"" hand","Swing the right ""B"" hand above the left wrist."
BUISNESS PERSON,Work,2,Multi-word phrase,Yes,"""B"" hand; Flat hand","Swing the right ""B"" hand above the left wrist then slide your flat hands down the body."
BURKINA FASO,Travel and Directions,2,Multi-word phrase,Yes,"""B"" hand; ""F"" hand","Place the ""B"" hand on your wrist then place the ""F"" hand on your fingertips."
BURY,Activities,1,Single word,Yes,Curved hand,Place both curved hands in front of the body and pull both hands back into the body simultaneously.
BUS,Travel and Directions,1,Single word,Yes,"""A"" hand; ""C"" hand","1. Hold ""A"" hands in front and twist back and forth. 2. Place ""C"" hands together and pull back the right."
BUSY,Education and Communication,1,Single word,Yes,"""B"" hand","Place the ""B"" hand on your left wrist and wiggle the right hand."
BUTTER,Food,1,Single word,Yes,"""H"" hand","Brush the fingertips of the ""H"" hand across the left palm."
BUTTERFLY,Animals,1,Single word,Yes,Open hand,Interlock the thumbs of both open hands facing your body and wiggle the fingers.
BUY,Money,1,Single word,Yes,Curved hand,Place both upturned curved hands together then lift the right hand upward and forward.
BY,Grammar and Parts of Speech,1,Single word,Yes,"""B"" hand","Keep the left ""B"" hand steady as the right ""B"" hand rotates forward around it."
CABBAGE,Food,1,Single word,Yes,Curved hand; Middle finger (8),Bring the middle fingers of both curved hands together with the heel of the palms sza touching.
CALENDER,Time,1,Single word,Yes,"""C"" hand","Swing the ""C"" hand from the left palm over to the back of the left hand."
CALL,Activities,1,Single word,Yes,"""A"" hand; Flat hand","Place fingers of the right flat hand on top of the left hand and pull the right hand up into the ""A"" hand."
CAMEL,Animals,1,Single word,Yes,Curved hand,Rest the right elbow on the left hand and move the right curved hand back and forth.
CAN,Opposites and Questions,1,Single word,Yes,"""S"" hand","Hold both ""S"" hands to the front and move them down firmly at the same time."
CAN'T,Opposites and Questions,1,Single word,Yes,Index finger (1),Strike the right index finger against the left index finger from above.
CAN'T CHANGE,Idiomatic Expressions,2,Multi-word phrase,Yes,"""S"" hand; Open hand","Move the ""S"" hand from under your chin to an open hand in front of your face."
CANANDA,Travel and Directions,1,Single word,Yes,"""A"" hand; Bent hand","Place the fingertips of the bent hand against your left shoulder then draw forward into ""A"" hand."
CANDLE,Home and Clothing,1,Single word,Yes,Index finger (1),Place your right index finger in the left palm and wiggle the fingers.
CANOEING,Sports and Games,1,Single word,Yes,"""S"" hand","Hold one ""S"" hand over the other ""S"" hand at the side of the body then move them down and backward."
CAP,Home and Clothing,1,Single word,Yes,"""A"" hand","Place the modified ""A"" hand in front of the forehead and move it slightly downward."
CAPE COAST,Travel and Directions,2,Multi-word phrase,No,,"Sign the letter ""C"" in front of your abdomen then again at your side."
CAPITAL LETTER,Grammar and Parts of Speech,2,Multi-word phrase,Yes,"""A"" hand; Clawed hand","Touch the shoulder with the clawed hand then place the thumb of the ""A"" hand on the left palm."
CAPTAIN,Sports and Games,1,Single word,No,,Use the right hand to grasp the left upper arm.
CAR,Travel and Directions,1,Single word,Yes,"""A"" hand","Hold both ""A"" hands in front of you and twist back and forth like a steering wheel."
CARE,Activities,1,Single word,Yes,"""C"" hand","Place the right ""C"" hand on top of the left ""C"" hand and move them up and down."
CARPENTER,Work,1,Single word,Yes,"""S"" hand; Flat hand","Swing both ""S"" hands forward and backward then slide your flat hands down the body."
CARROT,Food,1,Single word,Yes,Index finger (1),Place the index finger at the corner of the mouth and twist the hand at the wrist.
CARRY,Activities,1,Single word,Yes,Flat hand,Hold both flat hands with palms up and move both hands out away from the body.
CARRY ON HEAD,Activities,3,Multi-word phrase,Yes,Open hand,Place both open hands at the top of the head.
CASSAVA,Food,1,Single word,Yes,Flat hand,Bring the right flat hand down against both sides of the left forearm.
CASTLE,Travel and Directions,1,Single word,Yes,"""C"" hand","Place the ""C"" hand on your left wrist and bounce both hands up and down."
CAT,Animals,1,Single word,Yes,"""F"" hand","Place the index fingers and thumb of the ""F"" hands under the nose and move them outward."
CATCH,Sports and Games,1,Single word,Yes,"""S"" hand; Clawed hand","Move the right clawed hand to the left and curve it into the ""S"" hand near your left shoulder."
CAUSE,Ideas and Mental Action,1,Single word,Yes,"""C"" hand","Touch the thumbs of both ""C"" hands to your forehead then twist the hands forward."
CEDI,Money,1,Single word,Yes,Flat hand,"With the left flat hand facing forward, grasp your right hand over the left fingers and slide the hand forward."
CELEBRATE,Festivals and Holidays,1,Single word,Yes,"""C"" hand","Place both ""C"" hands at head level and circle them in opposite directions."
CERTIFICATE,Education and Communication,1,Single word,Yes,"""C"" hand","Tap the thumbs of both ""C"" hands together a few times."
CHAIN,Home and Clothing,1,Single word,Yes,Index finger (1); Pinch (thumb + index),Interlock both index fingers and thumbs then alternate the position of each hand and repeat.
CHAIR,Home and Clothing,1,Single word,Yes,"""U"" hand; Flat hand","Tap the fingers of the ""U"" hand on the thumb of the flat hand."
CHALK,Education and Communication,1,Single word,Yes,Index finger (1),Tap the thumb and bent index finger of the right hand on your left index finger from above.
CHALLENGE AUTHORITY,Idiomatic Expressions,2,Multi-word phrase,Yes,Bent hand,Touch the fingertips of both bent hands together a few times with one hand at a higher angle.
CHANGE,Activities,1,Single word,Yes,"""A"" hand","Bring both ""A"" hands together at the wrists then twist your wrists so the hands change positions."
CHAPTER,Education and Communication,1,Single word,Yes,"""C"" hand","Place the ""C"" hand at shoulder level then pull straight down."
CHARACTER,Emotions and Character,1,Single word,Yes,"""C"" hand","Rotate the ""C"" hand around your heart."
CHEAP,Money,1,Single word,Yes,Flat hand,"With the left palm facing right, brush the right flat hand against the palm a few times."
CHEAT,Religion,1,Single word,Yes,Flat hand; Middle finger (8),Straddle your left flat hand with the right index and middle fingers.
CHELSEA,Sports and Games,1,Single word,Yes,"""C"" hand","Move the ""C"" hand from the right side of your mouth to the left."
CHICKEN,Animals,1,Single word,Yes,Index finger (1); Pinch (thumb + index),Open and close the index finger and thumb in front of the mouth and against the left palm.
CHICKENPOX,Health,1,Single word,Yes,Index finger (1),Tap your index finger against you arm a few times.
CHIEF,Travel and Directions,1,Single word,Yes,"""C"" hand","Move the ""C"" hand pointing upward from your right shoulder to your left waist."
CHILD,"Family, People, and Pronouns",1,Single word,Yes,Flat hand,"Place the flat, downturned hand in front of the body and motion as if patting the head of a child."
CHILDREN,"Family, People, and Pronouns",1,Single word,Yes,Flat hand,"Place the flat, downturned hand in front of the body and motion as if patting the heads of many children."
CHINA,Travel and Directions,1,Single word,Yes,"""C"" hand","Place the ""C"" hand against the corner of your eye and wiggle the wrist."
CHRIST,Religion,1,Single word,Yes,"""C"" hand","Move the ""C"" hand from your left shoulder to your right hip."
CHRISTMAS,Festivals and Holidays,1,Single word,Yes,"""C"" hand","Place the right eblow on the left downturned hand and circle the ""C"" hand."
CHURCH,Religion,1,Single word,Yes,"""C"" hand","Tap the left wrist with the ""C"" hand twice."
CITY,Travel and Directions,1,Single word,Yes,Index finger (1),"Sign the letter ""C"" then tap the thumb with your index finger twice."
CLASS,Education and Communication,1,Single word,Yes,"""C"" hand","Place both downturned ""C"" hands in front of your body and shake them forward slightly."
CLEAN,Opposites and Questions,1,Single word,Yes,Flat hand,Move the palm of the right flat hand across the left plam and fingers.
CLIMB,Sports and Games,1,Single word,Yes,"""V"" hand","Move both bent ""V"" hands upward while alternating one slightly above the other."
CLOSE,Opposites and Questions,1,Single word,Yes,Curved hand,"With both curved hands in front of you, bring the right band close to the left hand."
CLOTHES,Home and Clothing,1,Single word,No,,Brush the fingertips of both hands down the body.
CLOUD,Science and Nature,1,Single word,Yes,Clawed hand,Place both clawed hands above your head in a round shape and repeat a few times.
CLUB,Sports and Games,1,Single word,Yes,"""C"" hand; Little finger (I)","Place both ""C"" hands together with palms facing front and twist forward, bringing the little fingers together."
COACH,Sports and Games,1,Single word,Yes,"""C"" hand; Index finger (1)","Place the right ""C"" hand on the back of the left index finger then slide the right hand back and forth."
COAL POT,Food,2,Multi-word phrase,Yes,Index finger (1),Use the index fingers to make a box in the air then fan the air with your right hand.
COAT,Home and Clothing,1,Single word,Yes,"""Y"" hand","Move both ""Y"" hands downward from shoulders to the abdomen."
COCK,Animals,1,Single word,Yes,"""3"" hand","Place the thumb of the ""3"" hand against the forehead."
COCOA,Food,1,Single word,Yes,Flat hand,Drop the right flat hand into the left palm then dip the right hand downward.
COCONUT,Food,1,Single word,Yes,Curved hand,Place both curved hands at the head with palms facing each other and shake back and forth.
COCOYAM,Food,1,Single word,Yes,"""P"" hand","Swing the ""P"" hand back and forth at your forehead."
COFFEE,Food,1,Single word,Yes,"""C"" hand","Place both ""C"" hands in front of you and rotate the right hand over the left hand."
COINS,Money,1,Single word,Yes,"""Q"" hand","Tap the right ""Q"" hand against the left palm."
COLD,Opposites and Questions,1,Single word,Yes,"""F"" hand","Pull the ""F"" hand downward from the nose."
COLLAPSE,Idiomatic Expressions,1,Single word,Yes,Curved hand,"With both curved hands at shoulder level, lift them both up and then inward in an arc."
COLLECT,Idiomatic Expressions,1,Single word,Yes,Curved hand,"Sweep the ""curved hand"" back towards yourself over the left hand."
COLLEGE,Education and Communication,1,Single word,Yes,"""C"" hand","Sweep the ""C"" hand forward over your left palm."
COLOUR,Colours,1,Single word,No,,Wiggle the fingers and move the hand down the face.
COME,Opposites and Questions,1,Single word,Yes,Index finger (1),Point both index fingers outward with palms facing up then bring both hands back toward the body.
COMMANDMENTS,Religion,1,Single word,Yes,"""C"" hand","Move the ""C"" hand from your fingertips to your palm."
COMMITTEE,Politics,1,Single word,Yes,"""C"" hand","Place the ""C"" hand on your right chest then move it to the left chest."
COMMUNICATE,Education and Communication,1,Single word,Yes,"""C"" hand","With tboth ""C"" hands, alternate moving your hands back in forth at your mouth."
COMMUNION,Religion,1,Single word,Yes,Flat hand,"With flat hands, alternate moving them forward and backward."
COMMUNITY,Travel and Directions,1,Single word,Yes,"""C"" hand","In front of your body, slightly curve both ""C"" hands downward, then repeat."
COMPARE,Ideas and Mental Action,1,Single word,Yes,"""C"" hand","Dip both ""C"" hands back and forth alternately at your sides."
COMPASS,Education and Communication,1,Single word,Yes,"""V"" hand","Place the middle finger of the ""V"" hand against your left palm and rotate the right hand."
COMPLAIN,Education and Communication,1,Single word,Yes,Clawed hand,Tap both clawed hands over the heart.
COMPUTER,Technology,1,Single word,Yes,"""C"" hand","Swing the ""C"" hand over the left wrist."
CONDOM,Health,1,Single word,Yes,"""C"" hand; Index finger (1)","Pull the right ""C"" hand down your left index finger."
CONFUSED,Ideas and Mental Action,1,Single word,Yes,Clawed hand,Point to your temple then circle both clawed hands in opposite directions in front of you.
CONGRATULATE,Activities,1,Single word,No,,Raise your clasped hands together in front of your chest and shake them back and forth.
CONSIDER,Ideas and Mental Action,1,Single word,Yes,Index finger (1),Circle both index fingers at your temples.
CONTINUE,Activities,1,Single word,Yes,"""A"" hand","Place both ""A"" hand thumbs together and move them forward and away from the body."
CONTROL,Activities,1,Single word,Yes,"""A"" hand","Pull both modified ""A"" hands back and forth alternately in front of your body."
CONVINCE,Activities,1,Single word,Yes,Index finger (1),Brush the fingers of the right hand against the left index finger a few times.
CONVULSION,Health,1,Single word,Yes,Clawed hand,Wave the clawed hand in a circle in front of your face quickly.
COOK,Food,1,Single word,Yes,Flat hand,Slide the right flat hand back and forth over the left palm then slide your flat hands down the body.
COOL DOWN,Idiomatic Expressions,2,Multi-word phrase,No,,"With both palms facing down, slowly press in a downward motion."
COPYING SOMEONE,Idiomatic Expressions,2,Multi-word phrase,Yes,Index finger (1); Pinch (thumb + index),"With the right thumb and index finger slightly open, pinch from the right eye downward."
CORRUPT,Emotions and Character,1,Single word,Yes,"""3"" hand; Clawed hand","Place the clawed ""3"" hand against your nose and twist forward."
COTE D'IVOIRE,Travel and Directions,2,Multi-word phrase,Yes,"""C"" hand; ""I"" hand","Place the ""C"" hand on your wrsit then place the ""I"" hand on your fingertips."
COUGH,Health,1,Single word,Yes,"""S"" hand","Place the ""S"" hand at your mouth and make a coughing motion with your shoulders."
COUNT,Money,1,Single word,Yes,"""F"" hand","Slide the thumb and index finger of the ""F"" hand forward against the open left hand a few times."
COUNTRY,Travel and Directions,1,Single word,Yes,"""Y"" hand","Circle your left elbow with the ""Y"" hand."
COUSIN,"Family, People, and Pronouns",1,Single word,Yes,"""C"" hand","Shake the wrist of the ""C"" hand at your temple for a male and at your cheek for a female."
COW,Animals,1,Single word,Yes,"""Y"" hand","Place the thumb of both ""Y"" hands against the temples and twist forward."
COWRY,Festivals and Holidays,1,Single word,Yes,Clawed hand,Draw a zig-zag down the palm of the clawed hand with your pointer finger.
CPP,Politics,1,Single word,No,,"Sign the letters ""C"" ""P"" ""P"" while slightly moving the hand to the right."
CRAYON,Education and Communication,1,Single word,Yes,Index finger (1),Move your right index finger in a small circle in the left palm.
CREATE,Activities,1,Single word,Yes,"""C"" hand","Place both ""C"" hands on top of each other, then twist both hands backward and forward at the wrists."
CRIPPLED,Health,1,Single word,Yes,Index finger (1),Alternate lifting and dropping both index fingers as they point downward.
CROCODILE,Animals,1,Single word,Yes,Clawed hand,"With both arms in front of you, bring both clawed hands together."
CROSS,Religion,1,Single word,Yes,"""C"" hand","Draw a cross using the ""C"" hand."
CRUCIFY,Religion,1,Single word,Yes,"""A"" hand; Flat hand","1 and 2. Stamp the ""A"" hand in the palm of each hand. 3. Pull both flat hands back near your head."
CRY,Activities,1,Single word,Yes,"""W"" hand","Place both ""W"" hands under your eyes and move each hand alternately down your face."
CUCUMBER,Food,1,Single word,Yes,AND hand (flat O); Flat hand,"1. Make shape of a cucumber with open ""AND"" hands. 2. Chop the air with the right flat hand."
CULTURAL,Festivals and Holidays,1,Single word,Yes,"""C"" hand","Circle the ""C"" hands alternately down your abdomen."
CUP,Food,1,Single word,Yes,"""C"" hand","Place the little finger of the ""C"" hand on the left palm."
CURIOUS,Idiomatic Expressions,1,Single word,Yes,Curved hand,"Fan the ""curved hand"" back toward your nose a few times."
CURRICULUM,Education and Communication,1,Single word,Yes,"""C"" hand; ""M"" hand","Place the ""C"" hand at the left fingertips then the ""M"" hand at the left palm."
CUT,Health,1,Single word,Yes,"""H"" hand","Slide the ""H"" hand back and forth across the back of the left hand."
DAILY,Time,1,Single word,Yes,"""A"" hand","With the ""A"" hand at the side of your mouth, push forward slightly twice."
"DAMBA, SAMANPIID",Festivals and Holidays,2,Multi-word phrase,Yes,"""X"" hand","Rest the left arm at your waist with the elbow out and wave the right ""X"" hand back and forth at your arm."
DANCE,Sports and Games,1,Single word,Yes,"""V"" hand","Swing the downturned right ""V"" hand from side to side over the left palm."
DANGER,Health,1,Single word,Yes,Middle finger (8),Flick the thumb and middle finger at head level.
DARK,Opposites and Questions,1,Single word,Yes,Flat hand,Cross both flat hands in front of your face.
DAUGHTER,"Family, People, and Pronouns",1,Single word,Yes,"""A"" hand","Make the sign for ""GIRL"" then move the hand to the inner elbow."
DAVID,Religion,1,Single word,Yes,"""D"" hand","Move the ""D"" hand from your left shoulder to your right hip."
DAY,Time,1,Single word,Yes,Index finger (1),Place the right elbow on the back of the left hand with the index finger upward and drop the right hand down.
DEAD,Religion,1,Single word,Yes,Flat hand,"Place one flat hand facing down and the other facing up, then switch their positions."
DEAF,"Family, People, and Pronouns",1,Single word,Yes,Index finger (1),Place the index finger next to the mouth then move to the ear.
DECEIVE,Ideas and Mental Action,1,Single word,Yes,ILY hand,"Circle both ""ILY"" hands around each other alternately in front of you."
DECEMBER,Time,1,Single word,Yes,"""D"" hand; Flat hand","Place the right elbow on top of the left flat hand and circle the ""D"" hand."
DECLINE,Opposites and Questions,1,Single word,Yes,Flat hand,Move the little finger of the right flat hand in small arcs down the left arm.
DEEP KISSING,Activities,2,Multi-word phrase,Yes,"""Y"" hand","Rock both ""Y"" hands back and forth against each other."
DEER,Animals,1,Single word,Yes,Open hand,"With palms facing forward, touch the temples with the thumbs of both open hands."
DEFEATED,Idiomatic Expressions,1,Single word,Yes,Index finger (1); Pinch (thumb + index),Pinch your index finger and thumb together then slap your wrist in a downward motion.
DEMOCRACY,Politics,1,Single word,Yes,"""D"" hand","Cross both ""D"" hands over each other in front of your body then open your arms and rotate hands forward."
DEMONSTRATE,Education and Communication,1,Single word,Yes,"""D"" hand","Place the fingers of the ""D"" hand in the left palm and push both hands forward."
DEMONSTRATION SCHOOL FOR THE DEAF,Travel and Directions,5,Multi-word phrase,Yes,"""D"" hand; Flat hand","Place the ""D"" hand in the left palm and push both hands forward, then clap your flat hands together twice."
DENIAL,Activities,1,Single word,Yes,"""A"" hand","Flick the thumbs of both ""A"" hands upward from the chest a few times."
DENTIST,Work,1,Single word,Yes,"""D"" hand; Flat hand","Tap your teeth with the fingers of the ""D"" hand then slide your flat hands down the body."
DENY,Religion,1,Single word,Yes,"""A"" hand","Place both ""A"" hand thumbs on your waist then pull both up together."
DEPEND,Activities,1,Single word,Yes,Index finger (1),Place the right index finger on top of the left and slightly move both hands downward.
DESIRE,Emotions and Character,1,Single word,Yes,Index finger (1); Pinch (thumb + index),Pinch your neck with your thumb and index finger.
DESTROY,Activities,1,Single word,Yes,"""A"" hand; Flat hand","With both ""A"" hands in front of the body, run both flat hands over each other a few times back and forth."
DEVELOP,Activities,1,Single word,Yes,"""D"" hand","Place the right ""D"" hand against the left palm then move the right hand upward."
DEVIL,Religion,1,Single word,Yes,"""3"" hand; Clawed hand","Place the clawed ""3"" hand against your right temple."
DIAMOND,Science and Nature,1,Single word,Yes,"""D"" hand","Place the ""D"" hand by the ear and swing it back and forth."
DIARRHEA,Health,1,Single word,Yes,Middle finger (8),"With your middle finger toward your body, swing the right hand downward at your side a few times."
DICTIONARY,Education and Communication,1,Single word,Yes,"""D"" hand","Brush back against the left palm with the ""D"" hand."
DIFFERENT,Opposites and Questions,1,Single word,Yes,Index finger (1),Cross both index fingers with palms down then draw them apart to the sides of the body a few times.
DIFFICULT,Opposites and Questions,1,Single word,Yes,"""V"" hand","Strike the knuckles of both bent ""V"" hands as they move alternately up and down against one another."
DIPLOMA,Education and Communication,1,Single word,Yes,"""D"" hand; Index finger (1)","Touch the fingers of both ""D"" hands with index fingers forward then slide them away in opposite directions."
DIRTY,Opposites and Questions,1,Single word,No,,Place the back of the right hand under the chin and wiggle the fingers.
DISABLED,Health,1,Single word,Yes,"""D"" hand","Tap the fingers of the ""D"" hand against your inner thumb twice."
DISAPPEAR,Travel and Directions,1,Single word,Yes,Index finger (1); Middle finger (8),Slide your right index finger down from between the left index and middle fingers.
DISAPPOINT,Emotions and Character,1,Single word,Yes,Index finger (1),Press your index finger into your chin.
DISCUSS,Education and Communication,1,Single word,Yes,"""X"" hand","Tap the index finger of the ""X"" hand on your fingers and then palm."
DISEASE,Health,1,Single word,Yes,"""D"" hand","Tap both ""D"" hands against your body twice with one hand at your head and the other at your abdomen."
DISGRACE,Emotions and Character,1,Single word,Yes,"""D"" hand","Draw both ""D"" hands downward from your eyes."
DISTRICT,Politics,1,Single word,Yes,"""D"" hand","With both ""D"" hand fingertips touching, curve both hands back to the same position."
DIVIDE,Money,1,Single word,Yes,Flat hand; Index finger (1),Rock the right flat hand back and forth between the middle and index fingers of the left hand.
DIVORCED,"Family, People, and Pronouns",1,Single word,Yes,"""D"" hand","Hold both ""D"" hands with fingertips touching, then twist both hands outward until the palms face forward."
DIZZY,Health,1,Single word,Yes,Clawed hand,Wave the clawed hand in front of your face in small circles.
DO,Activities,1,Single word,Yes,"""D"" hand","Swing both ""D"" hands from left to right with palms facing down."
DOCTOR,Work,1,Single word,Yes,"""D"" hand","Tap the left wrist with the fingers of the ""D"" hand."
DOCUMENT,Politics,1,Single word,Yes,"""A"" hand","Stamp the left palm with the ""A"" hand slightly."
DOG,Animals,1,Single word,Yes,Middle finger (8),Slap the right hand against your waist and snap your middle finger.
DON'T BOTHER ME,Idiomatic Expressions,3,Multi-word phrase,Yes,Fist / closed hand,Slap your right fist into the left palm a few times.
DON'T CARE,Idiomatic Expressions,2,Multi-word phrase,Yes,"""C"" hand","Cup the ear with the ""C"" hand and curve it forward to the temple so that the hand faces back."
DON'T KNOW,Ideas and Mental Action,2,Multi-word phrase,Yes,Flat hand,Touch your forehead with the flat hand and rotate it forward.
DON'T LIKE YOU,Idiomatic Expressions,3,Multi-word phrase,No,,"With the modified A"" hand, rotate your wrist back and forth slightly."
DON'T WANT TROUBLE,Idiomatic Expressions,3,Multi-word phrase,No,,Tap the fingers of your right hand in the left palm.
DONKEY,Animals,1,Single word,Yes,"""U"" hand","Place the ""U"" hands on your temples with palms facing forward and bend the fingers a few times."
DOOR,Home and Clothing,1,Single word,Yes,"""B"" hand","Hold both ""B"" hands together at the front and twist the right hand to the left while the left remains."
DORMITORY,Home and Clothing,1,Single word,Yes,"""D"" hand","Place the fingertips of the ""D"" hand first at the mouth then at the cheek."
DOUBT,Ideas and Mental Action,1,Single word,Yes,"""A"" hand","Place both ""A"" hands at shoulder level with thumbs pointing inward and rotate them in opposite diretions."
DOWN,Opposites and Questions,1,Single word,Yes,Index finger (1),Use the right index finger to point down to the floor.
DR. ANDREW FOSTER,Education and Communication,3,Multi-word phrase,Yes,"""A"" hand","Tap the ""A"" hand flat against the side of your neck twice."
DR. HILA LIMANN,Politics,3,Multi-word phrase,Yes,"""H"" hand","Tap the ""H"" hand to the forehead twice."
DRAMA,Sports and Games,1,Single word,Yes,"""D"" hand","Alternate circling both ""D"" hands against your body."
DREAM,Ideas and Mental Action,1,Single word,Yes,"""X"" hand; Index finger (1)","With the index finger at your temple, bounce the ""X"" hand forward a few times."
DRESS,Home and Clothing,1,Single word,Yes,"""D"" hand","Draw both ""D"" hands down the body, stopping at the waist."
DRINK,Food,1,Single word,Yes,"""C"" hand","Move the ""C"" hand in a short arc toward the mouth."
DRIVER,Work,1,Single word,Yes,"""A"" hand; Flat hand","Twist both ""A"" hands in front of you like a steering wheel then slide your flat hands down the body."
DROP,Activities,1,Single word,Yes,"""S"" hand; Open hand","Move the right ""S"" hand down into the open hand at your side."
DRUMS,Sports and Games,1,Single word,Yes,Index finger (1),Alternate moving both index fingers down from the sides of the body.
DRY,Opposites and Questions,1,Single word,Yes,"""D"" hand","Slide the right ""D"" hand across your chin from left to right."
DUCK,Animals,1,Single word,Yes,"""N"" hand","Point the ""N"" fingers and thumb forward in front of the mouth and open and close the fingers and thumb."
DUTY,Activities,1,Single word,Yes,"""D"" hand","Move the ""D"" hand back and forth along the back of the left hand."
DVD,Technology,1,Single word,No,,
E,Technology,1,Single letter,No,,
E-MAIL,Technology,1,Hyphenated compound,Yes,"""E"" hand; Index finger (1)","Place the ""E"" hand on the left index finger and draw it forward."
EAR,Health,1,Single word,Yes,Index finger (1),Point to your ear with the index finger.
EARLY,Time,1,Single word,Yes,Middle finger (8),Touch the right middle finger to the back of your left hand and flick the hand forward.
EARTH,Science and Nature,1,Single word,Yes,Middle finger (8),Grasp the left wrist with the thumb and middle finger then rock the right hand back and forth slightly.
EAST,Travel and Directions,1,Single word,Yes,"""E"" hand","Slide the right ""E"" hand to the right."
EASTER,Festivals and Holidays,1,Single word,Yes,"""E"" hand","Place both ""E"" hands at shoulder level and circle them in opposite directions."
EASTERN REGION,Travel and Directions,2,Multi-word phrase,No,,"Sign the letters ""E"" and ""R"" while moving your hand slightly to the right."
EASY,Opposites and Questions,1,Single word,Yes,Open hand,Brush the right open hand against the back of the left fingertips a few times.
EASY TALK,Idiomatic Expressions,2,Multi-word phrase,Yes,Middle finger (8),"With the middle finger and thumb touching, pull the hand forward from the mouth."
EAT,Food,1,Single word,Yes,AND hand (flat O),"Move the ""AND"" hand toward the mouth a few times."
ECONOMICS,Education and Communication,1,Single word,Yes,"""E"" hand","Slide the upturned ""E"" hand across the left palm"
EDUCATION,Education and Communication,1,Single word,Yes,"""D"" hand; ""E"" hand","Place both ""E"" hands at your shoulders and slightly move the hands upward into ""D"" hands."
EFFECT,Ideas and Mental Action,1,Single word,Yes,Flat hand; Middle finger (8),1. Draw your right middle finger across the left wrist 2. Fan your right flat hand in front of your body.
EGG,Food,1,Single word,Yes,"""H"" hand","Place the fingers of both ""H"" hands together as you move both hands down at the wrists."
EGYPT,Travel and Directions,1,Single word,Yes,"""E"" hand","Place one ""E"" hand at your head and the other at your abdomen, then cross arms and touch both shoulders."
ELDER,Work,1,Single word,Yes,"""A"" hand; ""S"" hand","Place the ""S"" hand on your chin then swing down and out to the side with the ""A"" hand."
ELECTRICTY,Science and Nature,1,Single word,Yes,"""V"" hand","Tap the knuckles of both bent ""V"" hands together a few times."
ELEPHANT,Animals,1,Single word,Yes,"""S"" hand","Place the ""S"" hand at the mouth and move it down and forward in a wavy motion."
EMBARRASED,Idiomatic Expressions,1,Single word,Yes,"""E"" hand","Face both ""E"" hands forward and swing them around to point at your face."
EMOTION,Emotions and Character,1,Single word,Yes,"""E"" hand","Circle both ""E"" hands in front of your body alternately."
EMPTY,Money,1,Single word,Yes,Middle finger (8),Place the right middle finger on the back of the downturned hand and slide the right hand to the side.
EMPTY HEADED,Emotions and Character,2,Multi-word phrase,Yes,Middle finger (8),Trace the top of your head with the middle finger.
EMPTY THE BOWL,Idiomatic Expressions,3,Multi-word phrase,Yes,Curved hand,Scoop your left palm with the curved hand then draw your right hand down your mouth.
ENCOURAGE,Activities,1,Single word,Yes,Open hand,Place both open hands facing forward at the sides of the body and slightly dip them forward a few times.
END,Travel and Directions,1,Single word,Yes,"""E"" hand","Strike the knickles of both ""E"" hands together by moving the right hand down."
ENEMY,"Family, People, and Pronouns",1,Single word,Yes,Index finger (1),Point the two index fingers toward each other and move them outward sharply in opposite directions.
ENERGY,Science and Nature,1,Single word,Yes,"""E"" hand","Touch the ""E"" hand to the left shoulder and rotate it forward to the inner elbow."
ENGAGED,"Family, People, and Pronouns",1,Single word,Yes,"""E"" hand","Circle the right ""E"" hand over the left hand, then place it on the left ring finger."
ENGLAND,Travel and Directions,1,Single word,Yes,Flat hand,Cradle the flat left hand in your right and pull both hands back toward your body.
ENTER,Travel and Directions,1,Single word,Yes,Curved hand,"While holding the left curved hand in front of you, slide the right had underneath it."
ENVELOPE,Education and Communication,1,Single word,Yes,"""C"" hand; AND hand (flat O); Flat hand; Open hand","1. Pull the open hand from the chest into ""AND"" hand 2. Slde the ""C"" hand over the flat left hand."
ENVIRONMENT,Science and Nature,1,Single word,Yes,"""E"" hand; Index finger (1)","Swing the ""E"" hand around the left index finger."
EQUAL,Money,1,Single word,Yes,Bent hand,Bring the fingertips of both bent hands together with palms facing down.
ERASER,Education and Communication,1,Single word,Yes,AND hand (flat O),"Rub the ""AND"" hand across the left palm."
ERECTION,Health,1,Single word,Yes,Index finger (1),"Place your left index finger on the right as it is tilted downward, then rotate your right hand upward."
ESCAPE,Activities,1,Single word,Yes,Index finger (1); Middle finger (8),Move the right index finger out from between the index and middle fingers of the left hand.
EUROPE,Travel and Directions,1,Single word,Yes,"""E"" hand","Circle the face with the ""E"" hand."
EVANGELIST,Religion,1,Single word,Yes,"""E"" hand","Stirke the ""E"" hand forward from the shoulder."
EVE,Religion,1,Single word,Yes,"""E"" hand","Place the ""E"" hand at the right side of your jaw."
EVENING,Time,1,Single word,Yes,Flat hand,"With your left arm in front of your body, place the right arm and flat hand pointed forward."
EVERY,Grammar and Parts of Speech,1,Single word,Yes,"""A"" hand","Hold both ""A"" hands to the front then strike the knuckles of the right hand against the left thumb."
EVERYONE,"Family, People, and Pronouns",1,Single word,Yes,"""A"" hand","1. Pull right ""A"" hand over left ""A"" hand towards body. 2. Make the sign for ""1."""
EVICT,Idiomatic Expressions,1,Single word,Yes,Clawed hand; Flat hand,"Push the ""claw hand"" across the flat left hand."
EVIL,Religion,1,Single word,Yes,"""E"" hand","Place the ""E"" hand against your nose then push it down and to the left."
EXAGGERATE,Education and Communication,1,Single word,Yes,"""S"" hand","Place both ""S"" hands together in front of your chest then wave the right hand forward in a wavy motion."
EXAMINE,Activities,1,Single word,Yes,"""V"" hand","Point the fingertips of both ""V"" hands at each other then bend the fingers as you pull each hand away."
EXAMPLE,Education and Communication,1,Single word,Yes,"""E"" hand","Place the fingers of the ""E"" hand in the left palm and push both hands forward."
EXCHANGE,Activities,1,Single word,Yes,"""A"" hand","Place one modified ""A"" hand slightly in front of the other then switch positions a few times."
EXCUSE,Activities,1,Single word,Yes,"""E"" hand","Slide the right the ""E"" hand across the left palm."
EXECUTIVE,Politics,1,Single word,Yes,"""E"" hand","Place the ""E"" hand on your right chest then move it to the left chest."
EXPIERENCE,Ideas and Mental Action,1,Single word,No,,Place your fingers on your head and thumbs on your ears then pull hands down while closing the fingers.
EXPLAIN,Education and Communication,1,Single word,Yes,"""F"" hand","Move both ""F"" hands back and forth in front of your body with fingertips forward."
EYE,Health,1,Single word,Yes,Index finger (1),Point to your eye with the index finger.
FACE,Health,1,Single word,Yes,"""F"" hand","Circle the face with the ""F"" hand."
FACE TO FACE,Idiomatic Expressions,3,Multi-word phrase,Yes,Flat hand,Face both flat hands at each other and rotate them in opposite directions.
FACEBOOK,Technology,1,Single word,Yes,"""F"" hand; Flat hand","Circle your face with the ""F"" hand and then open and close both flat hands like a book."
FAECES,Health,1,Single word,Yes,"""A"" hand","Pull the right ""A"" hand thumb out from the bottom of the left ""A"" hand."
FAIL,Education and Communication,1,Single word,Yes,"""F"" hand","Place the upturned ""F"" hand into the left palm and slide it forward over the palm."
FAIR,Emotions and Character,1,Single word,Yes,"""F"" hand","Press both ""F"" hands forward at shoulder level."
FAITH,Religion,1,Single word,Yes,"""F"" hand","Draw the right ""F"" hand forward over the top of the left ""F"" hand."
FALL,Sports and Games,1,Single word,Yes,"""V"" hand","Stand the right ""V"" fingers in the left palm then flip the hand over so the back of the hand rests in the palm."
FALSE,Opposites and Questions,1,Single word,Yes,Index finger (1),Brush the right index finger across the tip of the nose in a sideways movement across the mouth.
FAMILY,"Family, People, and Pronouns",1,Single word,Yes,"""F"" hand; Little finger (I)","Place both ""F"" hands together with palms facing front and twist forward, bringing the little fingers together."
FAN,Home and Clothing,1,Single word,Yes,Index finger (1),Use the index finger to make a large circle in the air above your head.
FANICE,Food,1,Single word,Yes,"""B"" hand","Place the ""B"" hand at your mouth and open and close your mouth."
FANTE KENKEY,Food,2,Multi-word phrase,Yes,"""F"" hand","Hold the ""F"" hand at the wrist and wiggle it back and forth at the wrist."
FAR,Opposites and Questions,1,Single word,Yes,"""A"" hand","Pass the right ""A"" hand far ahead of the left ""A"" hand."
FARM,Science and Nature,1,Single word,Yes,"""F"" hand","Slide the ""F"" hand from the left side of your chin the the right."
FARMER,Work,1,Single word,Yes,"""F"" hand; Flat hand","Slide the ""F"" hand from the left side of your chin the the right then slide your flat hands down the body."
FAST,Opposites and Questions,1,Single word,No,,Rapidly brush the right fingertips in an upward motion against the left fingertips a few times.
FASTING,Religion,1,Single word,Yes,"""F"" hand","With the ""F"" hand, trace your lips as if locking them."
FAT,Opposites and Questions,1,Single word,Yes,Open hand,Place both curved open hands at your cheeks then move the hands outward in opposite directions.
FATHER,"Family, People, and Pronouns",1,Single word,Yes,Open hand,Touch the forehead with the thumb of your open hand.
FAVOURITE,Ideas and Mental Action,1,Single word,Yes,Middle finger (8),Stroke the chin with your middle finger.
FEAR,Emotions and Character,1,Single word,Yes,Open hand,Move both open hands side-toside in front of your body.
FEBRUARY,Time,1,Single word,Yes,"""F"" hand","Press ""F"" hand into the left palm then the back of the left hand."
FED UP,Idiomatic Expressions,2,Multi-word phrase,No,,"With the palm facing down, move the right hand from the chest to under the chin."
FEEL,Emotions and Character,1,Single word,Yes,Middle finger (8),Draw the right middle finger up over your heart.
FEEL STRONGLY,Idiomatic Expressions,2,Multi-word phrase,Yes,Middle finger (8),Touch your middle finger to your heart and draw upward a few times.
FEET,Health,1,Single word,Yes,Middle finger (8),Drop the middle finger to the back of your left hand.
FESTIVAL,Festivals and Holidays,1,Single word,Yes,"""F"" hand","Place both ""F"" hands at your shoulders and circle in opposite directions."
FETU AFAHYE,Festivals and Holidays,2,Multi-word phrase,Yes,"""X"" hand; Index finger (1)","With both index fingers pointing upward, alternately bring down each hand into the ""X"" hand."
FILM MAKER,Work,2,Multi-word phrase,Yes,"""A"" hand; Flat hand","Circle the ""A"" hand next to the open left palm then slide your flat hands down the body."
FINANCIAL,Money,1,Single word,Yes,"""F"" hand","Slide the back of the right ""F"" hand into the upturned palm a few times."
FIND,Opposites and Questions,1,Single word,Yes,"""F"" hand; Open hand","Hold the open hand in front with the palm facing down then lift into the ""F"" hand."
FINE,Education and Communication,1,Single word,Yes,Open hand,Place the thumb of the right open hand against your chest.
FINGERSPELL,Education and Communication,1,Single word,No,,"With your palm facing down, move the right hand to the right while you wiggle the fingers."
FINISH,Activities,1,Single word,Yes,Open hand,Hold both open hands to the front with palms facing each other and shake the hands quickly outward.
FIRE,Science and Nature,1,Single word,Yes,Curved hand,Wiggle the fingers of both curved hands as you move them up and down.
FIRST,Money,1,Single word,Yes,Index finger (1),Swing your right index finger to tap the left thumb.
FISH,Animals,1,Single word,No,,Place the fingertips of the left hand at the wrist of the right and swing it back and forth a few times.
FIT,Activities,1,Single word,Yes,"""F"" hand; ""T"" hand","Hold both ""F"" hands in front of the body then switch to both ""T"" hands."
FIX,Activities,1,Single word,Yes,"""R"" hand","Place the fingers of the ""R"" hand into the left palm and twist the right hand at the wrist."
FLAG,Travel and Directions,1,Single word,Yes,"""F"" hand","Place the right arm and ""F"" hand resting on the left hand and wave the hand back and forth."
FLATULENCE,Health,1,Single word,Yes,"""P"" hand; Middle finger (8)","Strike the middle fingertips of both ""P"" hands together in front of your body."
FLIRTING,Idiomatic Expressions,1,Single word,Yes,"""X"" hand","Place the ""X"" hand at your waist and pull back on the pointer finger a few times."
FLOOD,Science and Nature,1,Single word,Yes,Open hand,Lift both open hands from your waist.
FLOOR,Home and Clothing,1,Single word,Yes,Flat hand,Place both flat hands together with palms down in front of your body and move both outward.
FLOWER,Science and Nature,1,Single word,Yes,AND hand (flat O),"Slide the ""AND"" hand across your mouth a few times."
FLYING INSECT,Animals,2,Multi-word phrase,Yes,Open hand,Touch the thumbs of both open hands and wiggle the fingers as you move both hands upward and forward.
FOCUS,Ideas and Mental Action,1,Single word,Yes,Flat hand,Pull both flat hands from your temples to in front of yourself.
FOLLOW,Travel and Directions,1,Single word,Yes,"""A"" hand","Place both ""A"" hands facing forward with thumbs up and wave them forward."
FOOLISH,Emotions and Character,1,Single word,Yes,"""Y"" hand","Sweep the ""Y"" hand across your forehead."
FOOTBALL,Sports and Games,1,Single word,Yes,"""S"" hand; Index finger (1)","Tap the right index finger at the wrist of the left ""S"" hand and swing the left hand upward."
FOR,Grammar and Parts of Speech,1,Single word,Yes,Index finger (1),Place the index finger at the temple then move it forward from the head.
FORCE,Activities,1,Single word,Yes,Clawed hand,Move the right clawed hand over the left wrist.
FORCE TO JOIN,Idiomatic Expressions,3,Multi-word phrase,Yes,"""A"" hand","Use modified ""A"" hands to forcefully pull upward toward yourself."
FOREIGN,Travel and Directions,1,Single word,Yes,"""F"" hand","Circle your left elbow with the ""F"" hand."
FOREIGN PERSON,"Family, People, and Pronouns",2,Multi-word phrase,No,,Rub your forearm with your hand.
FOREST,Science and Nature,1,Single word,Yes,Open hand,Place your right elbow on the left hand and wiggle the right open hand as you move both arms to the left.
FOREVER,Time,1,Single word,Yes,"""E"" hand; Index finger (1)","Place the right index finger against your temple then circle the ""E"" hand in front of your body."
FORGET,Ideas and Mental Action,1,Single word,Yes,"""A"" hand; Flat hand","Wipe your flat hand across your forehead and close into ""A"" hand."
FORGIVE,Religion,1,Single word,Yes,Flat hand,Slide the fingertips of one flat hand over the fingertips of the other.
FORK,Food,1,Single word,Yes,"""V"" hand","Bring the ""V"" hand up from your left palm to your mouth."
FORWARD,Travel and Directions,1,Single word,Yes,Curved hand,"With both curved hands in front of y ou, slide the right hand forward."
FOX,Animals,1,Single word,Yes,"""F"" hand","Place the circle formed by the thumb and index finger of the ""F"" hand over your nose and twist to the left."
FRANCE,Travel and Directions,1,Single word,Yes,"""F"" hand","Place the ""F"" hand with palm facing you then flick your hand forward."
FREE,Politics,1,Single word,Yes,"""F"" hand","Cross both ""F"" hands over each other in front of your body then open your arms and rotate hands forward."
FREEDOM,Politics,1,Single word,Yes,"""D"" hand; ""F"" hand","1. Uncross the ""F"" hands in front of you 2. Circle the ""D"" hand over the left and place on wrist."
FRIDAY,Time,1,Single word,Yes,"""F"" hand","With your wrist pointing toward your body, rotate the ""F"" hand."
FRIEND,"Family, People, and Pronouns",1,Single word,Yes,Index finger (1),Interlock the right and left index fingers and repeat in reverse.
FROG,Animals,1,Single word,Yes,"""V"" hand","Hold the curved ""V"" hand under the chin and flick your fingers open and closed a few times."
FROM,Travel and Directions,1,Single word,Yes,"""X"" hand; Index finger (1)","Touch the ""X"" hand to the left index finger and pull away toward yourself."
FRUIT,Food,1,Single word,Yes,"""F"" hand","Place the thumb and index finger of the ""F"" hand on the cheek and twist back and forth."
FRUSTRATE,Emotions and Character,1,Single word,Yes,"""F"" hand","Slide both ""F"" hands down from head level."
FUFU,Food,1,Single word,Yes,"""S"" hand","Place both ""S"" hands one over the other and bring them up and down with force."
FULL,Money,1,Single word,Yes,"""S"" hand; Flat hand","Move the flat hand over the thumb edge of the left ""S"" hand."
FUNERAL,Festivals and Holidays,1,Single word,Yes,"""F"" hand","Place both ""F"" hands in front of your face and bounce them forward."
FUNNY,Emotions and Character,1,Single word,Yes,Middle finger (8),Wave your index and middle fingers at the tip of your nose.
FUTURE,Time,1,Single word,Yes,"""F"" hand","Place the ""F"" hand at the side of your face and draw it forward."
GAME,Sports and Games,1,Single word,Yes,"""A"" hand","Hold both ""A"" hands to the sides of the chest and bring the hands firmly together until the knuckles touch."
GANG,"Family, People, and Pronouns",1,Single word,Yes,Open hand,Place the thumb of the open hand at the nose and wiggle the fingers.
GARDEN EGG,Food,2,Multi-word phrase,Yes,"""A"" hand; ""H"" hand","Brush the thumbs of both ""A"" hands together then drop both ""H"" hands at the wrists as the fingers touch."
GARI,Food,1,Single word,Yes,Open hand,"With the right thumb against the left palm, wiggle the fingers of the right open hand."
GARLIC,Food,1,Single word,Yes,"""O"" hand; Flat hand","1. Twist the ""O"" hand at your cheek. 2. Wave the flat hand in front of your nose."
GATE,Home and Clothing,1,Single word,Yes,Flat hand,Touch the fingertips of both flat hands and swing the right hand forward while the left remains still.
GBEOGO SCHOOL FOR THE DEAF,Travel and Directions,5,Multi-word phrase,Yes,"""B"" hand","Sign the letter ""B"" at shoulder level and then rotate your hand slightly to the curved ""B"" hand."
GENDER,Health,1,Single word,Yes,"""Q"" hand","Place the ""Q"" hand against your left shoulder."
GENTLEMAN,"Family, People, and Pronouns",1,Single word,Yes,AND hand (flat O); Open hand,"Make the sign for ""BOY"" then place the open hand with your thumb against your chest."
GERM,Health,1,Single word,Yes,Index finger (1),Wiggle the right index finger across the left palm.
GERMANY,Travel and Directions,1,Single word,Yes,Flat hand,Place the right flat hand into the inner thumb of the left hand and wiggle all fingers.
GETTING AWAY,Idiomatic Expressions,2,Multi-word phrase,Yes,Flat hand,Slide both flat hands in opposite directions at face level.
GHANA,Travel and Directions,1,Single word,Yes,"""G"" hand","Sweep the ""G"" hand over your upturned palm and toward your body."
GIFT,Activities,1,Single word,Yes,"""A"" hand","With the left modified ""A"" hand slightly in front of the right, dip both hands forward slightly."
GINGER,Food,1,Single word,Yes,"""H"" hand","Rub the right ""H"" hand fingers back and forth over the left fingers."
GIRAFFE,Animals,1,Single word,Yes,"""C"" hand","Place the ""C"" hand on then neck and move the hand in an upward direction."
GIRL,"Family, People, and Pronouns",1,Single word,Yes,"""A"" hand","Trace the jawbone from ear to chin with the thumb of the ""A"" hand."
GLASS,Home and Clothing,1,Single word,Yes,Middle finger (8),Touch the teeth with the middle finger.
GLORY,Religion,1,Single word,No,,Touch the top of the left hand with your right hand then move the hand up while wiggling the fingers.
GLOVES,Home and Clothing,1,Single word,Yes,Curved hand; Open hand,Hold the left open hand up with palm facing yourself then pull the curved hand down the wrist.
GO,Opposites and Questions,1,Single word,Yes,Index finger (1),Point both index fingers outward with palms down then rotate the hands up and out.
GOAL,Ideas and Mental Action,1,Single word,Yes,Index finger (1),Move your right index finger from your temple to meet the left index finger at your front.
GOAL KEEPER,Sports and Games,2,Multi-word phrase,Yes,Flat hand,Bring both curved flat hands together into your chest.
GOAT,Animals,1,Single word,Yes,"""H"" hand","Place the ""H"" hand on the chin then on the forehead."
GOD,Religion,1,Single word,Yes,Flat hand,"With the left hand in the inner elbow, swing your right arm upward with a flat hand."
GOLD,Science and Nature,1,Single word,Yes,"""G"" hand","Place the ""G"" hand by the ear and swing it back and forth."
GOLF,Sports and Games,1,Single word,No,,Bring your hands together to the side of your body and swing both hands across your body.
GOOD,Opposites and Questions,1,Single word,Yes,Flat hand,Place the fingers of the flat hand at the lips then move the hand down into the left palm.
GOSPEL,Religion,1,Single word,Yes,"""Q"" hand","Pull the ""Q"" hand down from your mouth and pass it over your upturned palm."
GOSSIP,Education and Communication,1,Single word,Yes,Index finger (1),Wiggle your right index finger under your nose.
GOVERNMENT,Politics,1,Single word,Yes,"""G"" hand","Starting at the temple, swing the ""G"" hand around to the forehead."
GRACE,Religion,1,Single word,Yes,Flat hand,Alternate bouncing each flat hand forward over the other hand.
GRANDFATHER,"Family, People, and Pronouns",1,Single word,Yes,Open hand,Touch the forehead with the thumb of your open hand then move the hand in forward arcs.
GRANDMOTHER,"Family, People, and Pronouns",1,Single word,Yes,Open hand,Touch the chin with the thumb of your open hand then move the hand in forward arcs.
GRASP INFORMATION,Idiomatic Expressions,2,Multi-word phrase,Yes,"""V"" hand","Pull both curved ""V"" hands from in front of your face to your temples."
GRASS,Science and Nature,1,Single word,Yes,"""G"" hand","Place the wirst of the ""G"" hand on the downturned left hand and swing it back and forth."
GRASSCUTTER,Animals,1,Single word,Yes,"""V"" hand","Open and close both curved ""V"" hands at the wrists so the fingertips meet in front of your face."
GREEN,Colours,1,Single word,Yes,"""G"" hand","Shake the ""G"" hand at the wrist."
GREEN PEPPER,Food,2,Multi-word phrase,Yes,"""G"" hand; ""V"" hand","1. Shake the ""G"" hand at the wrist. 2.Twist the ""V"" hand back and forth at your cheek."
GREET,Education and Communication,1,Single word,Yes,"""B"" hand","Place the fingers of the ""B"" hand against your temple and draw the hand forward."
GRILLED MAIZE,Food,2,Multi-word phrase,Yes,Index finger (1),Place the index finger in front of the mouth and twist the hand back and forth.
GROUNDNUT,Food,1,Single word,Yes,"""A"" hand","Place the ""A"" hand at your mouth and blow onto the hand as you rub your fingers together."
GROUP,"Family, People, and Pronouns",1,Single word,Yes,"""G"" hand; Little finger (I)","Place both ""G"" hands together with palms facing front and twist forward, bringing the little fingers together."
GROW,Science and Nature,1,Single word,Yes,"""A"" hand; ""C"" hand","Grasp the right ""A"" hand with the left ""C"" hand then slide the right hand upward while opening the fingers."
GUESS,Ideas and Mental Action,1,Single word,Yes,"""C"" hand; ""S"" hand","Move the ""C"" hand across the forehead and close downward into the ""S"" hand."
GUILTY,Emotions and Character,1,Single word,Yes,"""Q"" hand","Curve the ""Q"" hand forward and then back to your chest while closing the fingers together."
GUINEA FOWL,Animals,2,Multi-word phrase,Yes,"""X"" hand","Place the back of the ""X"" hand against the forehead."
GUINNESS,Food,1,Single word,Yes,"""G"" hand","Place the ""G"" hand against the cheek and rotate in a backward motion."
GUM,Food,1,Single word,Yes,"""N"" hand","Place the fingers of the ""N"" hand on your cheek and bend the wrist up and down."
HAIRCUT,Home and Clothing,1,Single word,Yes,"""V"" hand","Open and close the ""V"" hand fingers near the hair several times."
HALELUJAH,Religion,1,Single word,Yes,"""X"" hand; Flat hand","Circle both ""X"" hands forward then bring them together as flat hands."
HALF,Money,1,Single word,Yes,Flat hand,Slide the edge of the right flat hand backward against the palm of the left hand.
HALF ASSINA,Sports and Games,2,Multi-word phrase,Yes,"""A"" hand; ""H"" hand","Place the ""H"" hand on your wrist then place the ""A"" hand on your fingertips."
HAND,Health,1,Single word,Yes,Open hand,"With your left open hand facing you, grasp the left wrist."
HANDBALL,Sports and Games,1,Single word,Yes,"""S"" hand; Open hand","Move the ""S"" hand forward in an arc as it turns into an open hand."
HAPPEN,Ideas and Mental Action,1,Single word,Yes,Index finger (1),Place both index fingers on your forehead then rotate forward and drop to your abdomen.
HAPPY,Emotions and Character,1,Single word,Yes,Flat hand,Sweep both flat hands upward from your waist.
HARD,Opposites and Questions,1,Single word,Yes,"""V"" hand","Knock the curved ""V"" hand against the back of the left hand."
HARMATTAN,Science and Nature,1,Single word,Yes,Index finger (1),Pull the right index finger down your bottom lip.
HAT,Home and Clothing,1,Single word,Yes,"""Y"" hand","Bring the ""Y"" hands down on both sides of the head."
HATE,Emotions and Character,1,Single word,Yes,Middle finger (8),Flick both middle fingers and thumbs together at your side.
HAVE,Activities,1,Single word,Yes,Bent hand,Place both bent hands against your chest.
HAVEN'T SEEN BEFORE,Idiomatic Expressions,3,Multi-word phrase,Yes,"""V"" hand; Open hand","1. Touch middle finger of the ""V"" hand under your eye 2. Wave your open hand side-to-side in front of you."
HEAD,Health,1,Single word,Yes,Flat hand,Place the flat hand on top of your head.
HEADACHE,Health,1,Single word,Yes,Index finger (1),Point both index fingers at your forehead.
HEADMASTER,Work,1,Single word,Yes,Clawed hand; Curved hand,Place the curved hand on the forehead then place the clawed hand on the right shoulder.
HEAR,Health,1,Single word,Yes,Clawed hand,Tap the clawed hand over your ear twice.
HEARING AID,Health,2,Multi-word phrase,Yes,"""X"" hand","Place the pointer finger of the ""X"" hand around your right ear."
HEARING IS DEAD,Idiomatic Expressions,3,Multi-word phrase,Yes,Index finger (1),"1. Point to your ear with your index finger. 2. With hands facing opposite directions, rotate inward."
HEART,Health,1,Single word,Yes,"""A"" hand","Tap your left chest with the ""A"" hand twice."
HEART BEATING FAST,Idiomatic Expressions,3,Multi-word phrase,Yes,"""S"" hand","Rapidly beat the ""S"" hand over your heart."
HEARTS OF OAK,Sports and Games,3,Multi-word phrase,Yes,Index finger (1),Use both index fingers to draw a heart over your chest.
HEAVEN,Religion,1,Single word,Yes,Flat hand,Place one flat hand on top of the other and repeat with the opposite hand while moving upward.
HEAVY,Opposites and Questions,1,Single word,Yes,"""H"" hand","Place the right ""H"" hand fingers on the left ""H"" hand fingers and move both hands downward."
HELICOPTER,Travel and Directions,1,Single word,Yes,"""A"" hand; Open hand","Place the plam of your right open hand on the thumb of the left ""A"" hand and wiggle your fingers."
HELL,Religion,1,Single word,Yes,"""H"" hand","Swing the ""H"" hand across your waist."
HELLO,Education and Communication,1,Single word,Yes,"""H"" hand","Place the fingers of the ""H"" hand against your temple and draw the hand forward."
HELP,Activities,1,Single word,Yes,"""A"" hand","Place the right ""A"" hand with the thumb up into the left palm and raise both hands upward."
HERE,Travel and Directions,1,Single word,Yes,Flat hand,Point your flat hands downward and gently shake them side-to-side.
HIDE,Activities,1,Single word,Yes,"""A"" hand","Move the right ""A"" hand under the palm of the left hand."
HIGH,Travel and Directions,1,Single word,Yes,"""H"" hand","Pull the ""H"" hand up at your side."
HIGH JUMP,Sports and Games,2,Multi-word phrase,Yes,"""V"" hand","Move the curved right ""V"" hand up over the back of the left hand."
HIPPOPOTAMUS,Animals,1,Single word,Yes,Little finger (I),"With both arms in front of you, bring both hands together with index and little fingers out."
"HIS, HER","Family, People, and Pronouns",2,Multi-word phrase,Yes,Index finger (1),Point the index finger at the person being addressed.
HISTORY,Festivals and Holidays,1,Single word,Yes,"""H"" hand","Pull the ""H"" hand back and forth over your right shoulder."
HIV,Health,1,Single word,Yes,"""V"" hand; Index finger (1)","Place the right index finger agaist the left ""V"" hand fingers."
HO,Travel and Directions,1,Single word,No,,"Sign the letters ""H"" and ""O"" while slightly moving the hand to the right."
HOGBETSOTSO,Festivals and Holidays,1,Single word,Yes,"""A"" hand; ""Y"" hand","Place the thumb of the right ""Y"" hand in you mouth and move the left ""A"" hand up and down."
HOHOE SCHOOL FOR THE DEAF,Travel and Directions,5,Multi-word phrase,No,,"Sign the letters ""H"" ""O"" ""H"" ""O"" ""E"" while slightly moving the hand to the right."
HOLD,Activities,1,Single word,Yes,"""S"" hand","Grasp the wrist of the right ""S"" hand."
HOLIDAY,Festivals and Holidays,1,Single word,Yes,Open hand,"With open hands, place your thumbs against your waist."
HOLLAND,Travel and Directions,1,Single word,No,,"Place figertips against your temple and the thumbs on your cheeks, then pull your hands away."
HOLY,Religion,1,Single word,Yes,"""H"" hand","Slide the fingers of the ""H"" hand across the left palm."
HOME,Home and Clothing,1,Single word,Yes,AND hand (flat O),"Place the fingertips of the ""AND"" hand first at the mouth then at the cheek."
HOMOSEXUAL,Health,1,Single word,Yes,"""O"" hand","Place both ""O"" hands together at the fingertips."
HOMOWO,Festivals and Holidays,1,Single word,Yes,Flat hand,Rub your flat hands together in front of your body.
HONEST,Emotions and Character,1,Single word,Yes,"""H"" hand","Slide the fingers of the ""H"" hand back and forth in the palm of your left hand."
HOPE,Ideas and Mental Action,1,Single word,No,,"With both hands facing each other and raised at your side, wiggle your fingers."
HORSE,Animals,1,Single word,Yes,"""V"" hand; Flat hand","Place the ""V"" hand astride the index finger of the left flat hand and bounce both hands forward in arcs."
HORSEBACK RIDING,Sports and Games,2,Multi-word phrase,Yes,"""H"" hand; ""V"" hand","Straddle the left ""H"" hand with the right ""V"" hand and bounce both hands forward a few times."
HOSPITAL,Health,1,Single word,Yes,"""H"" hand","Stroke the left shoulder with the ""H"" hand."
HOT,Opposites and Questions,1,Single word,Yes,"""C"" hand","Wave the ""C"" hand back and forth in front of your mouth."
HOT PEPPE,Food,2,Multi-word phrase,Yes,Index finger (1),Wave the index finger back and forth in front of the mouth while inhaling.
HOTEL,Travel and Directions,1,Single word,Yes,"""H"" hand","Touch the fingers of the ""H"" hand to the right cheek then the left."
HOUR,Time,1,Single word,Yes,Index finger (1),Circle the right hand in the left palm with the index finger pointed upward.
HOUSE,Home and Clothing,1,Single word,Yes,Flat hand,Place both flat hands together at head level then move them apart and straight down simultaneously.
HOW,Opposites and Questions,1,Single word,Yes,Curved hand,Place both curved hands together and rotate each wrist in a downward motion.
HUG,Idiomatic Expressions,1,Single word,No,,"With arms open wide, wiggle your fingers."
HUMAN,Health,1,Single word,Yes,"""H"" hand","With fingertips pointing forward, touch both ""H"" hands to your chest then abdomen."
HUMBLE,Emotions and Character,1,Single word,Yes,Flat hand,"With your left hand in front of your body, slide the right flat hand under and in front of the left arm."
HUNGRY,Food,1,Single word,Yes,"""C"" hand","Move the thumb and fingers of the ""C"" hand down the center of the chest."
HURRY,Activities,1,Single word,Yes,"""H"" hand","Place both ""H"" hands facing forward in front of the body and wave both hands forward."
HURT,Emotions and Character,1,Single word,Yes,"""X"" hand; Index finger (1)","Slide the ""X"" hand across the left index finger and to the right."
HUSBAND,"Family, People, and Pronouns",1,Single word,Yes,AND hand (flat O),"Make the sign for ""BOY"" then clasp both hands together."
HYPOCRITE,Religion,1,Single word,Yes,Flat hand,Cover the left flat hand with the right and bend all of your fingers together.
I LOVE YOU,Idiomatic Expressions,3,Multi-word phrase,Yes,Index finger (1); Little finger (I),"Place you hand at shoulder level with little finger, index finger, and thumb out."
I TOLD YOU SO,Idiomatic Expressions,4,Multi-word phrase,No,,Point to your eye and lean forward.
IDEA,Ideas and Mental Action,1,Single word,Yes,"""I"" hand","Touch the little finger of the ""I"" hand to your temple then draw forward."
IF,Grammar and Parts of Speech,1,Single word,Yes,"""F"" hand","Point the two ""F"" hands forward and move them up and down alternatively with palms facing each other."
ILLITERATE,Emotions and Character,1,Single word,Yes,"""I"" hand","Place the ""I"" hand at your forehead then wave the hand back and forth."
IMAGINE,Ideas and Mental Action,1,Single word,Yes,"""I"" hand","Starting at your temple, bounce the ""I"" hand forward a few times."
IMMUNE SYSTEM,Health,2,Multi-word phrase,Yes,"""I"" hand; ""S"" hand","1. Tap little fingers of ""I"" hands on your chest and waist. 2. Wave both ""S"" hands down your body."
IMPORTANT,Emotions and Character,1,Single word,Yes,"""F"" hand; Index finger (1)","With both ""F"" hands vertically pointing forward, curve them upward and touch thumbs and index fingers."
IMPROVE,Opposites and Questions,1,Single word,Yes,Flat hand,Move the little finger of the right flat hand in small arcs up the left arm.
IN,Travel and Directions,1,Single word,Yes,AND hand (flat O),"Insert the right ""AND"" hand into the left hand."
IN-LAW,"Family, People, and Pronouns",1,Hyphenated compound,Yes,"""L"" hand; AND hand (flat O); Open hand","1. Insert the right ""AND"" hand into the left open hand. 2. Move the ""L"" hand from the fingertips to the palm."
INACTIVE,Idiomatic Expressions,1,Single word,No,,Rest both relaxed hands in front of your abdomen.
INDIA,Travel and Directions,1,Single word,Yes,"""F"" hand","Pull the ""F"" hand from the corner of your mouth back toward your ear."
INDIVIDUAL,"Family, People, and Pronouns",1,Single word,Yes,"""I"" hand","Drop both ""I"" hands at the same time in front of the body."
INFECTION,Health,1,Single word,Yes,"""I"" hand","Tap both ""I"" hands against your body twice with one hand at your head and the other at your abdomen."
INFORM,Ideas and Mental Action,1,Single word,Yes,"""O"" hand","With both ""O"" hands at your mouth, open both hands and lift up slightly."
INJECTION,Health,1,Single word,Yes,"""G"" hand; Index finger (1)","Squeeze the ""G"" hand at your shoulder by pulling the index finger back and pushing the thumb forward."
INNOCENT,Religion,1,Single word,Yes,"""U"" hand","Touch the fingertips of both ""U"" hands to your chin, then twist both hands out in front of you."
INSECT,Animals,1,Single word,Yes,"""3"" hand","Touch the nose with the thumb of the ""3"" hand and bend the fingers a few times."
INSULT,Education and Communication,1,Single word,Yes,"""A"" hand","Place the thumb of the ""A"" hand up then close your thumb at the person being addressed."
INSURANCE,Health,1,Single word,Yes,"""I"" hand; Open hand","Place the ""I"" hand against the left open hand palm."
INTERCOURSE,Health,1,Single word,Yes,"""V"" hand","Tap both ""V"" hands into each other with fingers facing forward."
INTEREST,Ideas and Mental Action,1,Single word,Yes,Flat hand,Rub both flat hands together.
INTERNATIONAL,Travel and Directions,1,Single word,Yes,"""I"" hand","Using both ""I"" hands, encirlce the left with the right in a forward motion."
INTERNET,Technology,1,Single word,Yes,Middle finger (8),Touch both middle fingers together and rotate hands back and forth.
INTERPRET,Education and Communication,1,Single word,Yes,"""F"" hand","Place the fingertips of both ""F"" hands together and rotate the right hand."
INTERPRETER,Work,1,Single word,Yes,"""F"" hand; Flat hand","With fingertips touching, rotate both ""F"" hands against each other then slide your flat hands down the body."
INTOXICATED,Idiomatic Expressions,1,Single word,Yes,AND hand (flat O),"Cross both ""AND"" hands in front of your face while making an intoxicated expression."
INTRODUCE,Activities,1,Single word,Yes,Flat hand,Move both flat hands in from the sides with palms up and touch the fingertips.
IRON,Home and Clothing,1,Single word,Yes,"""A"" hand; Flat hand","Hold the flat left hand up and slide the ""A"" hand back and forth over the palm with knuckles down."
IS,Grammar and Parts of Speech,1,Single word,Yes,"""I"" hand","Place the ""I"" hand at the lips and move it forward."
ISLAND,Science and Nature,1,Single word,Yes,"""I"" hand","Place the little finger of the ""I"" hand on the downturned left hand and rotate it in a circle."
IT,Grammar and Parts of Speech,1,Single word,Yes,"""I"" hand","Touch the little finger of the right ""I"" hand into the left palm."
ITALY,Travel and Directions,1,Single word,Yes,"""I"" hand; Little finger (I)","Using the ""I"" hand, draw a cross on your forehead with the little finger."
JANUARY,Time,1,Single word,Yes,"""J"" hand","Press ""J"" hand into the left palm then the back of the left hand."
JAPAN,Travel and Directions,1,Single word,Yes,"""J"" hand","Strike the corner of the eye with the little finger of the ""J"" hand."
JEALOUS,Emotions and Character,1,Single word,Yes,"""J"" hand","Place the pinky finger of the ""J"" hand between your teeth then flick the hand outward."
JEHOVAS WHITNESS,Religion,2,Multi-word phrase,No,,"Sign the letters ""J"" and ""W"" at shoulder level."
JESUS,Religion,1,Single word,Yes,Middle finger (8),Tap your palm with the middle finger and repeat with the opposite hand.
JEWELRY,Home and Clothing,1,Single word,Yes,Index finger (1),Place the index fingers of both hands at the back of the neck and then move them forward to the front.
JOGGING,Sports and Games,1,Single word,Yes,"""G"" hand; Index finger (1)","Interlock the right index finger around the thumb of the left ""G"" hand and wave both hands forward."
JOHN ATTA MILLS,Politics,3,Multi-word phrase,Yes,"""M"" hand","Tap the ""M"" hand to the forehead twice."
JOHN MAHAMA,Politics,2,Multi-word phrase,No,,"Sign the letters ""J"" and ""M"" at the temple."
JOHN RAWLINS,Politics,2,Multi-word phrase,Yes,"""J"" hand","Draw the ""J"" hand back and forth in a curved motion."
JOIN,Opposites and Questions,1,Single word,Yes,"""F"" hand; Index finger (1); Pinch (thumb + index)","Connect both ""F"" hand together by interlocking the index fingers and thumbs."
JOLOFF,Food,1,Single word,Yes,"""J"" hand; Index finger (1)","Place the small finger of the ""J"" hand at the left index finger and flick the small finger down a few times."
JOSEPH,Religion,1,Single word,Yes,"""J"" hand; Little finger (I)","Stroke the left shoulder with the ""J"" hand little finger twice."
JUDGE,Work,1,Single word,Yes,"""J"" hand; Little finger (I)","Swing the little fingers of both ""J"" hands from your forehead to your shoulders."
JUJU,Religion,1,Single word,Yes,"""J"" hand","Wiggle both ""J"" hands down from your shoulders."
JULY,Time,1,Single word,Yes,"""J"" hand; ""Y"" hand","Press ""J"" hand into the left palm then the ""Y"" hand to the back of the left hand."
JUMASI SCHOOL FOR THE DEAF,Travel and Directions,5,Multi-word phrase,Yes,"""O"" hand; Flat hand","Place the ""O"" hand on the right temple then move your two flat hands together."
JUMP ROPE,Sports and Games,2,Multi-word phrase,Yes,"""A"" hand","Move both modified ""A"" hands in upward circles at the sides of your body."
JUNE,Time,1,Single word,Yes,"""E"" hand; ""J"" hand","Press ""J"" hand into the left palm then the ""E"" hand to the back of the left hand."
JUNIOR,Education and Communication,1,Fingerspelled,Yes,"""J"" hand; ""R"" hand","Spell the letters ""J"" and ""R"" while moving the hand slightly to the right."
JUNIOR HIGH SCHOOL,Education and Communication,3,Multi-word phrase,No,,"Sign the letters ""J"" ""H"" and ""S"" while moving the hand slightly to the right."
JUST,Opposites and Questions,1,Single word,Yes,Index finger (1); Little finger (I),Point both index fingers forward and bring the little finger side of the right hand down onto the left hand.
JUST THAT,Idiomatic Expressions,2,Multi-word phrase,Yes,"""Y"" hand","Knock the ""Y"" hand forward and down."
KEEP,Activities,1,Single word,Yes,"""K"" hand","Bring the right ""K"" hand down onto the left ""K"" hand."
KEEP FOR REVENGE,Idiomatic Expressions,3,Multi-word phrase,Yes,"""K"" hand","Tap both ""K"" hands together."
KEEP IN MIND,Idiomatic Expressions,3,Multi-word phrase,Yes,"""3"" hand; ""S"" hand","Using the ""3"" hand, grasp back at the air while bringing the ""S"" hand to your forehead."
KENKEY,Food,1,Single word,Yes,"""S"" hand","Hold the ""S"" hand at the wrist and wiggle it back and forth at the wrist."
KENTE CLOTH,Festivals and Holidays,2,Multi-word phrase,Yes,"""X"" hand","1 and 2. Push both ""X"" hands side-to-side alternately. 3. Swing your right hand over the left shoulder."
KEY,Home and Clothing,1,Single word,Yes,"""A"" hand; Index finger (1)","Place the modified ""A"" hand index finger into the palm of the left hand and twist clockwise."
KIBI SCHOOL FOR THE DEAF,Travel and Directions,5,Multi-word phrase,No,,"Sign the letters ""K"" ""I"" ""B"" ""I"" while slightly moving the hand to the right."
KICKED OUT,Idiomatic Expressions,2,Multi-word phrase,Yes,AND hand (flat O); Index finger (1),"Use the right index finger to slap against the left index finger, sending it backward. 50 - 50 Move both ""AND"" hands back and forth with a push-pull motion."
KID,"Family, People, and Pronouns",1,Single word,Yes,ILY hand,"Place the ""ILY"" hand under the nose and slide it to the side, as if wiping your nose."
KILL,Activities,1,Single word,Yes,"""K"" hand","Slide the right ""K"" hand forward against the palm of the left hand."
KIND,Emotions and Character,1,Single word,Yes,"""K"" hand","Circle both ""K"" hands around each other at your heart."
KINDERGARTEN,Education and Communication,1,Single word,No,,"Sign the letters ""K"" and ""G"" while moving the hand slightly to the right."
KING,Religion,1,Single word,Yes,"""K"" hand","Move the ""K"" hand from your left shoulder to your right hip."
KING FISHER,Sports and Games,2,Multi-word phrase,Yes,"""K"" hand","Place the right ""K"" hand on your left shoulder then move it diagonally to the right hip."
KINGDOM,Travel and Directions,1,Single word,Yes,"""D"" hand; ""K"" hand","1. Move the ""K"" hand from your shoulder to your waist 2. Circle ""D"" hand over the left hand and touch wrist."
KISS,Activities,1,Single word,Yes,"""Y"" hand","Rock the ""Y"" hand back and forth against your mouth."
KITCHEN,Food,1,Single word,Yes,"""K"" hand","Slide the right ""K"" hand back and forth over the left palm."
KLOYOKISPLEMI,Festivals and Holidays,1,Single word,Yes,"""4"" hand","Swing your open ""4"" hands back and forth at your waist."
KNEEL,Religion,1,Single word,Yes,Middle finger (8),Bend your pointer and middle fingers and place them in the left palm.
KNIFE,Food,1,Single word,Yes,"""H"" hand; Index finger (1); Middle finger (8)","With both ""H"" hands, rub the right middle finger back and forth over the left index finger."
KNOW,Ideas and Mental Action,1,Single word,Yes,AND hand (flat O),"Touch the ""AND"" hand to your temple."
KNUST,Education and Communication,1,Fingerspelled,Yes,"""K"" hand; ""N"" hand; ""S"" hand; ""T"" hand; ""U"" hand","Spell the letters ""K"" ""N"" ""U"" ""S"" and ""T"" while moving the hand slightly to the right."
KOFORIDUA,Travel and Directions,1,Single word,No,,"Sign the letters ""K"" and ""A"" while slightly moving the hand to the right."
KOFUR,Politics,1,Single word,Yes,"""K"" hand","Tap the ""K"" hand to the nose twice."
KOKO,Food,1,Single word,Yes,"""X"" hand; Index finger (1)","Place your index finger over your mouth and bend the finger into the ""X"" hand."
KOKONTE,Food,1,Single word,Yes,"""B"" hand; ""S"" hand","1. Pound both ""S"" hands up and down. 2. Circle the ""B"" hand in your left palm."
KONTOMIRE,Food,1,Single word,Yes,"""K"" hand; Flat hand","Place the left flat hand against your forearm and swing the right ""K"" hand back and forth."
KOTOKO,Sports and Games,1,Single word,Yes,"""K"" hand; ""X"" hand","Move the right ""K"" hand back toward your body while changing it into the ""X"" hand."
KUMASI,Travel and Directions,1,Single word,No,,"Sign the letters ""K"" and ""I"" while slightly moving the hand to the right."
KUNDUM,Festivals and Holidays,1,Single word,Yes,Curved hand,Push your curved hands forward and up slightly from the waist.
KWAME NKRUMA,Politics,2,Multi-word phrase,No,,"Sign the letters ""N"" and ""K"" at the temple."
LAB,Health,1,Single word,Yes,"""L"" hand","Alternate dropping the ""L"" hands in front of your chest."
LADY,"Family, People, and Pronouns",1,Single word,Yes,"""A"" hand; Open hand","Make the sign for ""GIRL"" then place the open hand with your thumb against your chest."
LAKE,Science and Nature,1,Single word,No,,"Touch the thumbs of both ‘L"" hands together then curve them backward into the same position."
LARGE,Opposites and Questions,1,Single word,Yes,"""L"" hand","Hold both ""L"" hands to the front with palms inward then move them outward simultaneously."
LAST,Time,1,Single word,Yes,"""I"" hand; Little finger (I)","Using both ""I"" hands, strike the little fingers together."
LATE,Time,1,Single word,Yes,"""L"" hand","Pull the ""L"" hand backward at your waist."
LATER,Time,1,Single word,Yes,"""L"" hand","Place the ""L"" hand at the side of your face and draw it forward."
LAUGH,Activities,1,Single word,Yes,Flat hand,Place both flat hands with palms down at opposite sides of your mouth and lift the hands up in arcs.
LAW,Politics,1,Single word,Yes,"""L"" hand","Move the ""L"" hand from your fingertips to your palm."
LAWYER,Work,1,Single word,Yes,"""L"" hand; Flat hand","Move the ""L"" hand from your fingertips to your palm then slide your flat hands down the body."
LAZY,Emotions and Character,1,Single word,Yes,"""L"" hand","Tap your left shoulder with the ""L"" hand twice."
LEAD,Activities,1,Single word,Yes,Flat hand,Place the right fingertips into the palm of the left flat hand then move hands forward from the body.
LEAVE ONE BY ONE,Idiomatic Expressions,4,Multi-word phrase,Yes,Index finger (1),Pop your index fingers up and outward in an alternating pattern.
LEFT,Travel and Directions,1,Single word,Yes,"""L"" hand","Slide the left ""L"" hand to the left."
LEMON,Food,1,Single word,Yes,"""L"" hand","Place the thumb of the ""L"" hand on the corner of the mouth and twist back and forth."
LESBIAN,Health,1,Single word,Yes,"""L"" hand","Place the ""L"" hand on your chin."
LESSON,Education and Communication,1,Single word,Yes,"""L"" hand","Tap the right ""L"" hand up your arm a few times."
LET DOWN,Idiomatic Expressions,2,Multi-word phrase,Yes,"""V"" hand","Place the ""V"" hand against your neck."
LETTUCE,Food,1,Single word,Yes,"""L"" hand; Flat hand","Place the right arm on the flat left hand and swing the ""L"" hand back and forth."
LIBATION,Festivals and Holidays,1,Single word,Yes,"""G"" hand","Place the modified ""G"" hand at your waist and tip forward as if pouring something."
LIBRARY,Education and Communication,1,Single word,Yes,"""L"" hand","Circle the ""L"" hand in front of your body."
LICENSE,Travel and Directions,1,Single word,Yes,"""L"" hand","Tap the thumbs of both ""L"" hands together twice."
LIE,Activities,1,Single word,Yes,Index finger (1),Draw your index finger across your chin.
LIE DOWN,Health,2,Multi-word phrase,Yes,"""V"" hand","Place the upturned ""V"" hand into the left palm."
LIGHT,Opposites and Questions,1,Single word,Yes,Middle finger (8),Place both middle fingers on your waist and lift both hands up your body simultaneoulsy a few times.
LIGHTNING,Science and Nature,1,Single word,Yes,Index finger (1),Draw a zig-zag in the air with your index finger.
LIKE,Ideas and Mental Action,1,Single word,Yes,Middle finger (8); Open hand,Place the right open hand on your chest and draw forward while meeting the thumb and middle finger.
LINE,Education and Communication,1,Single word,Yes,Little finger (I),Place the little fingertips together and pull away in opposite directions.
LINE UP,Activities,2,Multi-word phrase,Yes,"""B"" hand","Place the right ""B"" hand behind the left then move the right hand back while the left hand remains still."
LION,Animals,1,Single word,Yes,Clawed hand,Move the clawed hand backward over the head.
LIQUID,Science and Nature,1,Single word,Yes,"""W"" hand","Place the index finger of the ""W"" hand to your lips a few times."
LIQUOR,Food,1,Single word,Yes,ILY hand,"Strike both ""ILY"" hands together at the wrists."
LIST,Money,1,Single word,Yes,Bent hand,Place the fingertips of the right bent hand on the left palm and move down in several short arcs.
LISTEN,Activities,1,Single word,Yes,"""L"" hand","Move the right ""L"" hand to the ear a few times."
LIVE,Health,1,Single word,Yes,"""L"" hand","Draw both ""L"" hands up your body from the waist."
LIZARD,Animals,1,Single word,Yes,"""U"" hand","Place the ""U"" hand at the mouth fingertips facing the lips then move the ""U"" hand to the back of the wrist."
LOCAL,Travel and Directions,1,Single word,Yes,"""L"" hand; Index finger (1)","Place the right ""L"" hand on the left index finger and swing it forward and around."
LOCALITY,Idiomatic Expressions,1,Single word,Yes,Open hand,Encircle the area in front of you with an open hand facing down.
LONELY,Emotions and Character,1,Single word,Yes,Index finger (1),"With very little motion, spin your right index finger in a small circle."
LONG,Time,1,Single word,Yes,Index finger (1),Pull the right index finger up your arm fron the wrist.
LONG JUMP,Sports and Games,2,Multi-word phrase,Yes,"""V"" hand","Move the right ""V"" hand in an upward arc over the fingers of the left hand."
LORD,Religion,1,Single word,Yes,"""L"" hand","Move the ""L"" hand from your left shoulder to your right hip."
LOSE,Opposites and Questions,1,Single word,Yes,Curved hand; Open hand,Hold the fingertips of both curved hands together then drop both hands and rotate down and into open hands.
LOVE,Emotions and Character,1,Single word,Yes,"""S"" hand","Cross both arms with ""S"" hands at your chest."
LOW,Travel and Directions,1,Single word,Yes,"""L"" hand; Flat hand","Slide the ""L"" hand down the flat left hand."
LOW INTELLEGENCE,Idiomatic Expressions,2,Multi-word phrase,Yes,"""Q"" hand","Point to your head then turn outward into the ""Q"" hand."
LOWERCASE LETTER,Grammar and Parts of Speech,2,Multi-word phrase,Yes,"""A"" hand; ""Q"" hand","Hold the ""Q"" hand in front of your body then place the thumb of the ""A"" hand on the left palm."
LUCKY,Emotions and Character,1,Single word,Yes,Middle finger (8),Touch the middle finger of your right hand to your lips then twist forward with the palm facing outward.
LUDO,Sports and Games,1,Single word,Yes,"""A"" hand; ""Q"" hand","Move the downturned right ""A"" hand across the body so it becomes the ""Q"" hand."
LUNCH,Food,1,Single word,Yes,"""L"" hand","Move the ""L"" hand toward the mouth a few times."
MACHINE,Science and Nature,1,Single word,Yes,Clawed hand,Interlock the fingers of both clawed hands and shake hands.
MAIZE,Food,1,Single word,Yes,Flat hand; Little finger (I),Grasp the flat left hand in the right and pull the thumb down from the little finger a few times.
MAKE,Activities,1,Single word,Yes,"""S"" hand","Place both ""S"" hands on top of each other, then twist both hands backward and forward at the wrists."
MALARIA,Health,1,Single word,Yes,Flat hand; Middle finger (8); Pinch (thumb + index),Pinch the skin of your arm with the thumb and middle finger then slap the arm with the flat hand.
MALI,Travel and Directions,1,Single word,Yes,"""M"" hand","Circle the left wrist with the ""M"" hand."
MALTA,Food,1,Single word,Yes,"""M"" hand","Place the ""M"" hand against the cheek and rotate in a backward motion."
MAMPONG SCHOOLFOR THE DEAF,Travel and Directions,4,Multi-word phrase,No,,"Sign the letters ""M"" and ""P"" while slightly moving the hand to the right."
MAN,"Family, People, and Pronouns",1,Single word,Yes,AND hand (flat O),"Make the sign for ""BOY"" and raise the hand to the top of the forehead."
MANCHESTER CITY,Sports and Games,2,Multi-word phrase,Yes,"""C"" hand; Index finger (1)","Pull your right hand forward from the forehead then tap the thumb of the ""C"" hand with the index finger."
MANCHESTER UNITED,Sports and Games,2,Multi-word phrase,Yes,"""U"" hand","Pull your right hand forward from the forehead then rotate both ""U"" hands in front of your body."
MANGO,Food,1,Single word,Yes,AND hand (flat O),"Place the ""AND"" hand at the mouth and open and close the thumb and fingers together."
MANY,Money,1,Single word,Yes,"""S"" hand","Bring the ""S"" hands together palms up and then open the hands upward and out with fingers spread."
MARCH,Time,1,Single word,Yes,"""M"" hand","Press ""M"" hand into the left palm then the back of the left hand."
MARKET,Food,1,Single word,Yes,"""M"" hand","Place the ""M"" hands at the waist and swing both hands forward slightly a few times."
MARKET PERSON,Work,2,Multi-word phrase,Yes,"""M"" hand; Flat hand","Swing both ""M"" hands at the waist a few times then slide your flat hands down the body."
MARRIAGE,"Family, People, and Pronouns",1,Single word,No,,Clasp both hands together at your front.
MARY,Religion,1,Single word,Yes,"""M"" hand","Tap the ""M"" hand against your chin twice."
MAT,Home and Clothing,1,Single word,Yes,AND hand (flat O); Flat hand,"Pull both ""AND"" hands back to the body while forming flat hands."
MATE,Work,1,Single word,Yes,Index finger (1),Wave your index finger back and forth in the air.
MATERIALS,Home and Clothing,1,Single word,Yes,"""M"" hand","Bounce the ""M"" hand with the palm up a few times as you move it to the right."
MATH,Money,1,Single word,Yes,"""M"" hand","Slide the back of the right ""M"" hand over the top of the left ""M"" hand a few times."
MAY,Time,1,Single word,Yes,"""M"" hand; ""Y"" hand","Press ""M"" hand into the left palm then the ""Y"" hand to the back of the left hand."
MAYBE,Ideas and Mental Action,1,Single word,Yes,Flat hand,Alternate lifting both upturned flat hands.
ME,"Family, People, and Pronouns",1,Single word,Yes,Index finger (1),Point the index finger to the chest.
MEANING,Ideas and Mental Action,1,Single word,Yes,"""M"" hand","Press the fingertips of the ""M"" hand into the left palm and rotate the right hand slightly."
MEASURE,Money,1,Single word,Yes,"""A"" hand","With both ""A"" hand thumbs touching, move the ""A"" hands outward in opposite directions."
MEAT,Food,1,Single word,Yes,Index finger (1); Pinch (thumb + index),Pinch the skin of the left hand between the right thumb and index finger.
MEDICINE,Health,1,Single word,Yes,Middle finger (8),Touch the middle fingertip to your left plam and wiggle the hand.
MEET,Activities,1,Single word,Yes,Index finger (1),"With index fingers up, bring both hands together."
MEETING,Education and Communication,1,Single word,Yes,"""B"" hand","Place the fingertips of both ""B"" hands together in front of your body."
MEMBER,Politics,1,Single word,Yes,"""M"" hand","Place the ""M"" hand on your right chest then move it to the left chest."
MEMORY,Ideas and Mental Action,1,Single word,Yes,"""M"" hand","Place the ""M"" hand at your temple and pull back."
MENSTRUATION,Health,1,Single word,Yes,"""M"" hand","Tap your cheek with the ""M"" hand twice."
MENTAL,Health,1,Single word,Yes,"""M"" hand","Place the fingertips of the ""M"" hand at your temple then lift the wrist up and down."
MERCY,Religion,1,Single word,Yes,Middle finger (8),"With middle fingers pointing down, circle both hands over each other."
METAL,Science and Nature,1,Single word,Yes,"""M"" hand","Place the ""M"" hand by the ear and swing it back and forth."
METHODIST,Religion,1,Single word,Yes,"""M"" hand","Using the ""M"" hand, encircle the upturned palm then place your fingertips in the left palm."
MIDDLE,Travel and Directions,1,Single word,Yes,Bent hand; Flat hand,"With both flat hands out, change the right hand to a bent hand and touch the fingertips to your palm."
MILK,Food,1,Single word,Yes,"""A"" hand","Squeeze both ""A"" hands up and down alternately."
MILLET,Food,1,Single word,Yes,"""M"" hand; Index finger (1)","Place the fingers of the ""M"" hand at the left index finger and flick them upward a few times."
MILO,Food,1,Single word,Yes,"""C"" hand","Rotate the thumb and index finger of the ""F"" and over the ""C"" hand."
MIND,Health,1,Single word,Yes,"""M"" hand","Place the fingertips of the ""M"" hand against your temple."
MIND'S EYE,Idiomatic Expressions,2,Multi-word phrase,Yes,Index finger (1),Hold the right index finger above the back of your head.
MINERAL,Food,1,Single word,Yes,"""U"" hand","Place the ""U"" hand at the chin and rotate in a circular motion."
MINISTRY,Politics,1,Single word,Yes,"""M"" hand","Starting at the temple, swing the ""M"" hand around to the forehead."
MINUTES,Time,1,Single word,Yes,"""M"" hand","Place the fingertips of the ""M"" hand into the left palm and twist forward slightly."
MIRACLE,Religion,1,Single word,Yes,"""M"" hand","Bring both ""M"" hands down from head level to the abdomen."
MIRROR,Home and Clothing,1,Single word,Yes,Flat hand; Middle finger (8),Touch the middle finger to your teeth then open to the flat hand in front of your face and look at the palm.
MISS,Emotions and Character,1,Single word,Yes,AND hand (flat O),"Pull your open right hand down from the left and into the ""AND"" hand."
MISUNDERSTAND,Ideas and Mental Action,1,Single word,Yes,"""V"" hand; Middle finger (8)","Touch the index finger of the ""V"" hand to the temple and swing around to touch the middle finger."
MOCK,Activities,1,Single word,Yes,ILY hand,"Place one ""ILY"" hand slightly in front of the other and rock both hands forward simultaneously."
MONDAY,Time,1,Single word,Yes,"""M"" hand","With your wrist pointing away from your body, rotate the ""M"" hand."
MONKEY,Animals,1,Single word,Yes,Clawed hand,Scratch the side of the abdomen with both clawed hands.
MONTH,Time,1,Single word,Yes,Index finger (1),"With both index fingers forward, slide the right hand down the left."
MOODY,Emotions and Character,1,Single word,Yes,Clawed hand,Push the clawed hand at your face twice.
MOON,Science and Nature,1,Single word,Yes,"""C"" hand","Place the ""C"" hand around your eye."
MORAL,Religion,1,Single word,Yes,"""M"" hand","Circle your heart with the ""M"" hand."
MORE,Money,1,Single word,Yes,AND hand (flat O),"Tap the fingertips of both ""AND"" hands together a few tiems."
MORMON,Religion,1,Single word,Yes,"""M"" hand","Pull the ""M"" hand down and away from the eye."
MORNING,Time,1,Single word,No,,Place the left hand in the inner elbow of the right arm with both palms facing upward.
MORTAR AND PESTLE,Food,3,Multi-word phrase,Yes,"""S"" hand","Grind the ""S"" hand against the left palm."
MOSES,Religion,1,Single word,No,,Place figertips against your temple and the thumb on your cheek then pull your hands away and close fingers.
MOSQUE,Religion,1,Single word,Yes,"""M"" hand","Tap the left wrist with the ""M"" hand twice."
MOSQUITO,Animals,1,Single word,Yes,Middle finger (8); Pinch (thumb + index),Pinch the skin of the forearm with the middle finger and thumb of the right hand then slap arm.
MOST,Money,1,Single word,Yes,"""A"" hand","Knock the knuckles together as you move one ""A"" hand upward and the other ""A"" hand downward."
MOTHER,"Family, People, and Pronouns",1,Single word,Yes,Open hand,Touch the chin with the thumb of your open hand.
MOTORCYLE,Travel and Directions,1,Single word,Yes,"""S"" hand","Place both ""S"" hands at your waist then twist both hands back."
MOUNTAIN,Science and Nature,1,Single word,Yes,"""A"" hand","Place the little finger of the ""A"" hand on your left shoulder then arc it to your left wrist."
MOUSE,Animals,1,Single word,Yes,"""M"" hand","Brush the index finger of the ""M"" hand against the tip of the nose."
MOUTH,Health,1,Single word,Yes,Index finger (1),Point to your mouth with the index finger.
MOVE,Activities,1,Single word,Yes,"""C"" hand; AND hand (flat O)","Place both ""C"" hands in front of the body and change both to ""AND"" hands while moving left to right."
MOVIE,Education and Communication,1,Single word,Yes,Open hand,Place the palms of both open hands together and slide the right hand up and down.
MULTIPLY,Money,1,Single word,Yes,"""M"" hand; ""W"" hand","Sweep the back of the right ""W"" hand over the top of the left ""M"" hand and arm a few times."
MUSHROOM,Food,1,Single word,Yes,Index finger (1); Open hand,"Place the downturned, right open hand on the left index finger."
MUSIC,Sports and Games,1,Single word,Yes,Flat hand,Wave the right flat hand from left to right in front of your left flat hand.
MUSLIM,Religion,1,Single word,Yes,"""3"" hand","Place both ""3"" hands against your cheeks and rotate the hands forward and down."
MUST,Ideas and Mental Action,1,Single word,Yes,"""X"" hand","Firmly move the right ""X"" hand down at your side."
MY,"Family, People, and Pronouns",1,Single word,Yes,Flat hand,Place the palm of the flat hand on the chest.
MYSELF,"Family, People, and Pronouns",1,Single word,Yes,"""A"" hand","Bring the ""A"" hand to the center of the chest with the knuckles facing toward your body."
NAME,"Family, People, and Pronouns",1,Single word,Yes,"""H"" hand","Tap both ""H"" hands together twice."
NATION,Travel and Directions,1,Single word,Yes,"""N"" hand","Circle the right ""N"" hand over the left hand then place the fingertips on the wrist."
NATURE,Science and Nature,1,Single word,Yes,"""N"" hand","Encircle the left wrist with the ""N"" hand then touch the fingertips to the wrist."
NDC,Politics,1,Single word,No,,"Sign the letters ""N"" ""D"" ""C"" while slightly moving the hand to the right."
NEAR,Opposites and Questions,1,Single word,Yes,Curved hand,"With both curved hands, slide the right close to the left hand."
NECKTIE,Home and Clothing,1,Single word,Yes,"""A"" hand","Place both ""A"" hands together at the neck then pull the right hand down to your waist."
NEGATIVE,Opposites and Questions,1,Single word,Yes,Index finger (1),Place the right index finger horizontally across the left palm which is facing outward.
NEIGHBOR,"Family, People, and Pronouns",1,Single word,Yes,Curved hand,1. Move the right curved hand close to the left hand 2. Move both hands in a downward motion together.
NEPHEW,"Family, People, and Pronouns",1,Single word,Yes,"""N"" hand","Shake the wrist of the ""N"" hand at the temple of your head."
NERVOUS,Emotions and Character,1,Single word,No,,Hold both hands at your front and wiggle your fingers.
NEVER,Opposites and Questions,1,Single word,Yes,Flat hand,"Using the flat hand, draw an ""X"" in the air."
NEW,Opposites and Questions,1,Single word,Yes,Curved hand,Sweep the back of the right curved hand across the left palm and toward the body.
NEWSPAPER,Education and Communication,1,Single word,Yes,Fist / closed hand; Flat hand,1. Slide your right flat hand over left and close to a fist. 2. Tap your flat palms together twice.
NEXT,Time,1,Single word,Yes,"""L"" hand; Index finger (1)","With your left hand in ""L"" hand shape, point first to the thumb and then to the index finger."
NIECE,"Family, People, and Pronouns",1,Single word,Yes,"""N"" hand","Shake the wrist of the ""N"" hand at your cheek."
NIGER,Travel and Directions,1,Single word,Yes,"""N"" hand","Place the fingertips of the ""N"" hand against your wrist and pull upward."
NIGERIA,Travel and Directions,1,Single word,Yes,"""N"" hand","Place the ""N"" hand against your cheek and flap your fingers up and down."
NIGHT,Time,1,Single word,Yes,Curved hand,"With your left arm in front of your body, place the right arm and curved hand pointed downward."
NO,Opposites and Questions,1,Single word,Yes,Middle finger (8),"Bring the thumb, index, and middle fingers together of both hands while moving them out to the sides."
NOAH,Religion,1,Single word,Yes,"""N"" hand","Move the ""N"" hand from your chin to in front of your chest."
NONE,Money,1,Single word,Yes,AND hand (flat O),"Touch the fingertips of both ""AND"" hands together then separate them so that the palms face upward."
NOODLE,Food,1,Single word,Yes,"""R"" hand","Bring both ""R"" hands together at the fingertips then move the hands in opposite wavy lines."
NORTH,Travel and Directions,1,Single word,Yes,"""N"" hand","Pull the ""N"" hand up in front of your body."
NORTHERN REGION,Travel and Directions,2,Multi-word phrase,Yes,"""N"" hand","Place the ""N"" hand at shoulder level and wave up twice."
NOSE,Health,1,Single word,Yes,Index finger (1),Point to your nose with the index finger.
NOT,Ideas and Mental Action,1,Single word,Yes,"""A"" hand","Place the thumb of the ""A"" hand under your chin and pull forward."
NOT INTERESTED,Idiomatic Expressions,2,Multi-word phrase,Yes,"""4"" hand","Place the index finger of the ""4"" hand against your ear and quickly rotate it outward."
NOT MY PROBLEM,Idiomatic Expressions,3,Multi-word phrase,No,,Grip the right wrist in your left hand and fold your hand forward.
NOTES,Education and Communication,1,Single word,No,,"Point the fingertips of the ""N"" to the left palm and wave the hand downward."
NOTHING,Money,1,Single word,Yes,"""F"" hand","Cross both ""F"" hands over each other in front of your body then uncross arms and open both hands."
NOUN,Grammar and Parts of Speech,1,Single word,Yes,"""N"" hand","Place the ""N"" hand under the chin and move it forward."
NOVEMBER,Time,1,Single word,Yes,"""N"" hand","Press ""N"" hand into the left palm then the back of the left hand."
NPP,Politics,1,Single word,No,,"Sign the letters ""N"" ""P"" ""P"" while slightly moving the hand to the right."
NUN,Religion,1,Single word,Yes,Flat hand,Place both flat hands at your forehead then move them down to your shoulders.
NURSE,Work,1,Single word,Yes,"""N"" hand","Tap the left wrist with the fingers of the ""N"" hand."
OBEY,Ideas and Mental Action,1,Single word,Yes,"""O"" hand; Flat hand","Place one ""O"" hand at your forehead and the other at your your chin and open to flat hands at your front."
OCEAN,Science and Nature,1,Single word,Yes,Curved hand,Place both curved hands side-byside and wave them forward.
OCTOBER,Time,1,Single word,Yes,"""O"" hand","Press ""O"" hand into the left palm then the back of the left hand."
ODWIRA,Festivals and Holidays,1,Single word,Yes,"""X"" hand","Alternate the ""X"" hands back and forth above your head."
OFF,Travel and Directions,1,Single word,Yes,"""F"" hand; Flat hand","Touch both downturned flat hands together then move the right hand away and into the ""F"" hand."
OFFICE,Education and Communication,1,Single word,Yes,"""O"" hand; Little finger (I)","Place both ""O"" hands together at the fingertips and twist forward, bringing the little fingers together."
OFTEN,Time,1,Single word,Yes,Flat hand,Bounce the fingertips of your flat hand from your left palm to the fingers.
OIL,Food,1,Single word,Yes,Pinch (thumb + index),Pinch the back of the left hand and palm and pull downward as you bring the fingers together.
OKRO,Food,1,Single word,Yes,AND hand (flat O); Open hand,"Pull the open hand upward from the left palm and close into the ""AND"" hand."
OLD,Opposites and Questions,1,Single word,Yes,Fist / closed hand,Close the right hand below the chin and move it downward.
OLYMPICS,Sports and Games,1,Single word,Yes,"""F"" hand; Index finger (1)","Form ""F"" hands and interlock the thumbs and index fingers a few times as the hands move to the right."
ON,Travel and Directions,1,Single word,Yes,Flat hand,Touch both downturned flat hands together.
ONCE,Money,1,Single word,Yes,"""1"" hand","Twist the right ""1"" hand upward."
ONION,Food,1,Single word,Yes,"""O"" hand","Place the fingers of the ""O"" hand on the cheek and twist back and forth."
ONLY,Ideas and Mental Action,1,Single word,Yes,Index finger (1),"With the palm facing you, hold the index finger up and spin in small circles."
OPEN,Opposites and Questions,1,Single word,Yes,"""B"" hand","Place both ""B"" hands together with palms down then move both hands out to the sides."
OPERATION,Health,1,Single word,Yes,"""A"" hand","Swipe the thumb of the ""A"" hand as if creating an incision over the aread being addressed."
OPPINION,Ideas and Mental Action,1,Single word,Yes,"""O"" hand","Tap the ""O"" hand to your temple twice."
OPPORTUNITY,Education and Communication,1,Single word,Yes,"""O"" hand; ""P"" hand","Place both ""O"" hands at your shoulders and slightly move the hands upward into ""P"" hands."
OPPOSITE,Travel and Directions,1,Single word,Yes,Index finger (1),"With both index fingers touching, pull hands away and turn fingers upward."
OR,Grammar and Parts of Speech,1,Single word,Yes,"""G"" hand; ""O"" hand; ""R"" hand; Index finger (1)","With the left ""G"" hand, touch the right ""O"" hand to the thumb then the ""R"" hand to the index finger."
ORANGE,Colours,1,Single word,Yes,"""S"" hand","Slightly open and squeeze the ""S"" hand in front of your mouth."
OTHER,"Family, People, and Pronouns",1,Single word,Yes,"""A"" hand","Rotate the ""A"" hand from facing down to the outside while slightly moving the arm outward."
OUR,"Family, People, and Pronouns",1,Single word,Yes,Curved hand,"Touch the curved hand on the right side of the chest, then rotate it forward to the left side of the chest."
OURSELVES,"Family, People, and Pronouns",1,Single word,Yes,"""A"" hand","Touch the ""A"" hand on the right side of the chest, then rotate it forward to the left side of the chest."
OUT,Travel and Directions,1,Single word,Yes,AND hand (flat O),"Remove the right ""AND"" hand from the left hand."
OUT OF HERE,Idiomatic Expressions,3,Multi-word phrase,Yes,AND hand (flat O); Open hand,"Hold an open hand at ear level then draw it back into ""AND"" hand."
OWARE,Sports and Games,1,Single word,Yes,"""Q"" hand","Use the downturned ""Q"" hand to make small upward arcs in a straight line."
OWL,Animals,1,Single word,Yes,"""C"" hand","Look through both ""C"" hands and twist them toward the center and back a few times."
PAIN,Health,1,Single word,Yes,Index finger (1),Point both index fingers at your body in the area being addressed.
PALM OIL,Food,2,Multi-word phrase,Yes,"""R"" hand","1. Draw the ""R"" hand down your lips. 2. Pull the fingers down from the left palm."
PAPER,Education and Communication,1,Single word,Yes,Flat hand,Tap both flat hand plams together twice.
PARACHUTING,Sports and Games,1,Single word,Yes,"""S"" hand; ""V"" hand","1. Slide both ""S"" hands down the front of your body. 2. Swing the right ""V"" hand side-to-side downward."
PARAGRAPH,Education and Communication,1,Single word,Yes,"""C"" hand","Place the fingertips of the modified ""C"" hand on the left fingers then the palm."
PARENTS,"Family, People, and Pronouns",1,Single word,Yes,"""P"" hand","Place the ""P"" hand on the middle of the forehead and then on the chin."
PARKED CAR,Travel and Directions,2,Multi-word phrase,Yes,"""3"" hand","Place the right ""3"" hand into the left plam."
PARLIAMENT,Politics,1,Single word,Yes,"""P"" hand","Place the ""P"" hand on your right chest then move it to the left chest."
PARTY,Sports and Games,1,Single word,Yes,"""P"" hand","Swing the right ""P"" hand from side to side over the left palm."
PAST TENSE,Grammar and Parts of Speech,2,Multi-word phrase,Yes,Flat hand,Move the upraised flat hand backward over the right shoulder with palm facing the body.
PATIENT,Emotions and Character,1,Single word,Yes,"""A"" hand","Pull the ""A"" hand down the nose slightly with the thumb pointed inward."
PAUL,Religion,1,Single word,Yes,"""P"" hand","Place the ""P"" hand fingertip on the wrist of your downturned left hand."
PAWPAW,Food,1,Single word,Yes,"""P"" hand; Curved hand","Starting at the fingertips of the left curved hand, draw the right ""P"" hand down to the wrist."
PAY,Money,1,Single word,Yes,"""P"" hand","Place the middle finger of the right ""P"" hand into the palm and slide the hand forward."
PAYBACK,Idiomatic Expressions,1,Single word,Yes,"""P"" hand; Flat hand","Draw the ""P"" hand across the left palm then push the right flat hand over your right shoulder."
PEACE,Religion,1,Single word,Yes,Flat hand,Place the fingertips of both flat hands together at the mouth then pull hands down in opposite directions.
PEAR,Food,1,Single word,Yes,"""P"" hand; Curved hand","Bring the right ""P"" hand over the top of the curved hand."
PEEP,Idiomatic Expressions,1,Single word,Yes,"""F"" hand","Encircle the eye with ""F"" hand."
PEN,Education and Communication,1,Single word,Yes,"""I"" hand; Fist / closed hand; Little finger (I)","Pull the ""I"" hand little finger out from the left fist and shake the right wrist."
PENCIL,Education and Communication,1,Single word,Yes,"""Q"" hand","Place the modified ""Q"" hand at your mouth then pull down and sweep it over your left palm."
PENIS,Health,1,Single word,Yes,"""P"" hand; Middle finger (8)","Place the middle fingertip of the ""P"" hand on the tip of your nose."
PEOPLE,"Family, People, and Pronouns",1,Single word,Yes,"""P"" hand","Make alternating forward circles with both ""P"" hands."
PEOPLE TURN TO LOOK AT ME,Idiomatic Expressions,6,Multi-word phrase,No,,
PEPPE,Food,1,Single word,Yes,"""A"" hand","Grind the ""A"" hand against the palm of the left hand."
PERFECT,Money,1,Single word,Yes,"""P"" hand; Middle finger (8)","Bring the middle fingers of both ""P"" hands together."
PERSON,"Family, People, and Pronouns",1,Single word,Yes,"""P"" hand","Place both ""P"" hands forward and move them downward at the same time."
PERSONIFICATION,Work,1,Single word,Yes,Flat hand,Move both flat hands down the body with fingers facing front.
PESEWA,Money,1,Single word,Yes,"""P"" hand","Shake the ""P"" hand a few times in the air."
PETROL,Travel and Directions,1,Single word,Yes,"""G"" hand","Insert the index finger of the right ""G"" hand into the left hand."
PHOTOCOPY,Technology,1,Single word,Yes,AND hand (flat O),"Place the open right hand on the back of the left and pull down into the ""AND"" hand."
PHOTOGRAPH,Travel and Directions,1,Single word,Yes,Index finger (1),Hold your hands up as if holding a camera and press down with your right index finger.
PHOTOGRAPHER,Work,1,Single word,Yes,Index finger (1),Hold your hands up as if holding a camera and press your right index finger then slide your hands down.
PICK SOMEBODY,Idiomatic Expressions,2,Multi-word phrase,Yes,"""S"" hand; Clawed hand","Pull upward from the clawed hand into the ""S"" hand."
PICTURE,Education and Communication,1,Single word,Yes,"""C"" hand; Flat hand","Place the right ""C"" hand around your eye then place it flat against your left hand."
PIG,Animals,1,Single word,Yes,"""S"" hand","Place the back of the ""S"" hand under the chin and bend it back and forth from the wrist."
PILOT,Work,1,Single word,Yes,Flat hand; ILY hand,"Glide your right ""ILY"" hand over the left hand then slide your flat hands down the body."
PINEAPPLE,Food,1,Single word,Yes,Flat hand,Place both flat hands with fingertips down and slide the right hand down over the left hand.
PINK,Colours,1,Single word,Yes,"""P"" hand","Move the middle finger of the ""P"" hand down your lips."
PITO,Food,1,Single word,Yes,"""P"" hand","Place the ""P"" hand against the cheek and rotate in a backward motion."
PLACE,Travel and Directions,1,Single word,No,,"Touch the fingertips of both ‘P"" hands together then curve them backward into the same position."
PLAITING,Festivals and Holidays,1,Single word,No,,Lift your right hand up and back to yourself then repeat with the opposite hand.
PLAN,Activities,1,Single word,Yes,"""P"" hand","Place both ""P"" hands in front of the body and bounce them slightly to the right."
PLANET,Science and Nature,1,Single word,Yes,"""P"" hand","With both ""P"" hands, circle the right hand around the left."
PLANTAIN,Food,1,Single word,Yes,"""A"" hand","Starting at your wrist, draw the thumb of the ""A"" hand up your forearm."
PLATE,Food,1,Single word,Yes,Flat hand,Place the fingertips of both flat hands together in front you and draw back in a flat circular motion.
PLAY,Sports and Games,1,Single word,Yes,"""Y"" hand","Hold both ""Y"" hands in front of the chest and shake them at the wrists a few times."
PLEASE,Education and Communication,1,Single word,Yes,Flat hand,Place your flat right hand on your chest and rotate in a circle.
PNC,Politics,1,Single word,No,,"Sign the letters ""P"" ""N"" ""C"" while slightly moving the hand to the right."
POISION,Health,1,Single word,Yes,"""P"" hand","Touch the fingertip of the ""P"" hand to your plam and wiggle the hand."
POLICE,Politics,1,Single word,Yes,"""3"" hand; Clawed hand","Tap the left shoulder with the clawed ""3"" hand."
POLITICAL PARTY,Politics,2,Multi-word phrase,Yes,"""P"" hand; Little finger (I); Middle finger (8)","Place both ""P"" hands together at the middle fingertips and twist forward, bringing the little fingers together."
POOR,Opposites and Questions,1,Single word,Yes,AND hand (flat O),"Grasp your left elbow in the right hand then pull the hand down into the ""AND"" hand."
POSITIVE,Opposites and Questions,1,Single word,Yes,Index finger (1),Cross the right index finger horizontally over the left vertical index finger.
POSTER,Education and Communication,1,Single word,Yes,"""A"" hand","Place both ""A"" hand thumbs together at the mouth and trace your hands in opposite right angles."
POSTPONE,Time,1,Single word,Yes,"""F"" hand","With both ""F"" hands in front of you, slightly lift upward and forward."
POTATO,Food,1,Single word,Yes,"""N"" hand","Swing the ""N"" hand fingers over the left wrsit."
POWER,Health,1,Single word,Yes,"""S"" hand","Place both ""S"" hands at shoulder level then repeat on the other side."
PPP,Politics,1,Single word,No,,"Sign the letters ""P"" ""P"" ""P"" while slightly moving the hand to the right."
PRACTICE,Education and Communication,1,Single word,Yes,"""P"" hand; Middle finger (8)","Slide the middle fingers of both ""P"" hands back and forth against each other."
PRAY,Religion,1,Single word,Yes,Flat hand,Place both flat hands together in front of your mouth.
PREACH,Religion,1,Single word,Yes,"""F"" hand","Point both ""F"" hands forward at the level of your head."
PREACHER,Religion,1,Single word,Yes,"""F"" hand; Flat hand","Point both ""F"" hands forward at the level of your head then draw both flat hands down your abdomen."
PREGNANT,Health,1,Single word,Yes,"""P"" hand","Draw the right ""P"" hand from your shoulder to the wrist."
PRESBYTERIAN,Religion,1,Single word,Yes,"""P"" hand","Using the ""P"" hand, encircle the upturned palm then place your fingertip in the left palm."
PRESENT TENSE,Grammar and Parts of Speech,2,Multi-word phrase,Yes,"""Y"" hand","Drop the ""Y"" hands together in front of the body."
PRESIDENT,Politics,1,Single word,Yes,"""O"" hand","Place the ""O"" hands against your forehead on both sides then pull the hands upward and close into fists."
PRESSURE,Ideas and Mental Action,1,Single word,Yes,Fist / closed hand; Flat hand,Place the right flat hand onto the left fist and slightly push down.
PREVENT,Activities,1,Single word,Yes,Flat hand; Little finger (I),Bring the little finger edge of the right flat hand against the flat left hand.
PRIEST,Religion,1,Single word,Yes,"""H"" hand","Slide the ""H"" hand back and forth across your throat."
PRIMARY,Education and Communication,1,Single word,Yes,"""P"" hand","Tap the middle finger of the ""P"" hand into the left palm a few times."
PRINTER,Technology,1,Single word,Yes,Flat hand,Place the right flat hand under the left hand and draw backwards.
PRISON,Politics,1,Single word,Yes,Open hand,Drop the right open hand to the left wrist while closing all fingers.
PROBLEM,Ideas and Mental Action,1,Single word,Yes,"""V"" hand; Clawed hand","Knock the knuckles of both clawed ""V"" hands together."
PROCESS,Education and Communication,1,Single word,Yes,Flat hand,Alternate bringing one flat hand up and over the other in a forward motion.
PROFESSIONAL,Education and Communication,1,Single word,Yes,"""B"" hand; ""P"" hand","Slide the middle finger of the right ""P"" hand forward over the top of the left ""B"" hand."
PROFIT,Money,1,Single word,Yes,"""F"" hand; Index finger (1); Pinch (thumb + index)","Move the right ""F"" hand down slightly over your heart with thumb and index finger facing downward."
PROGRAM,Education and Communication,1,Single word,Yes,"""P"" hand","Press ""P"" hand into the left palm then the ""P"" hand to the back of the left hand."
PROJECT,Education and Communication,1,Single word,Yes,"""J"" hand; ""P"" hand","Press ""P"" hand into the left palm then lift the ""J"" hand to the back of the left hand."
PROMISE,Ideas and Mental Action,1,Single word,Yes,Fist / closed hand; Flat hand; Middle finger (8),Touch the right middle finger to your lips then tap the left fist with a flat hand.
PRONOUN,Grammar and Parts of Speech,1,Single word,Yes,"""P"" hand","Place the middle finger of the ""P"" hand under the chin and move it forward."
PROSTITUTE,Health,1,Single word,Yes,"""P"" hand","Tap the horizontal ""P"" hand to the side twice."
PROTECT,Activities,1,Single word,Yes,"""S"" hand","Firmly place the right ""S"" hand against the left ""S"" hand."
PROUD,Emotions and Character,1,Single word,Yes,"""A"" hand","Pull the right ""A"" hand up from your waist to your chest with the thumb turned inward."
PROVERBS,Religion,1,Single word,Yes,"""P"" hand","Pull the ""P"" hand down your forehead."
PULL,Activities,1,Single word,Yes,"""A"" hand","Place one modified ""A"" hand slightly in front of the other then move both hands together into the body."
PUNCTUATION,Grammar and Parts of Speech,1,Single word,Yes,Index finger (1); Pinch (thumb + index),"With the index finger and thumb touching at the tips, make a point in the air in front of the body."
PUNISH,Activities,1,Single word,Yes,Index finger (1),Strike your left elbow with the right index finger.
PURPLE,Colours,1,Single word,Yes,"""P"" hand","Place the index finger of the ""P"" hand on your temple and rotate your hand at the wrist."
PURPOSE,Ideas and Mental Action,1,Single word,Yes,"""P"" hand","Circle the ""P"" hand against your temple."
PURSE,Home and Clothing,1,Single word,Yes,"""S"" hand","Place the ""S"" hand at the top of the shoulder then move the hand down to your hip."
PUSH,Activities,1,Single word,Yes,Open hand,Move both open hands forward from the body.
PUT,Activities,1,Single word,Yes,AND hand (flat O),"Move both ""AND"" hands simultaneously from left to right across the body."
QARAN,Religion,1,Single word,Yes,"""Q"" hand","Move the ""Q"" hand from your fingertips to your palm."
QUALIFICATION,Education and Communication,1,Single word,Yes,"""Q"" hand","Place the ""Q"" hand over the left shoulder then rotate it back to your heart while closing the fingers together."
QUEEN MOTHER,Travel and Directions,2,Multi-word phrase,Yes,"""Q"" hand; Open hand","1. Move the ""Q"" hand from shoulder to your waist 2. Place the open hand thumb against your chin."
QUESTION MARK,Grammar and Parts of Speech,2,Multi-word phrase,Yes,Index finger (1),Use the index finger to draw a question mark in the air in front of the body.
QUIET,Emotions and Character,1,Single word,Yes,Index finger (1),Place the right index finger against your mouth.
QUIT,Opposites and Questions,1,Single word,Yes,"""H"" hand","Move the right ""H"" hand up and out of the grasp of the left hand."
QUOTATION MARKS,Grammar and Parts of Speech,2,Multi-word phrase,Yes,"""V"" hand","Hold both curved ""V"" hands to the front with palms facing forward and twist them slightly."
RABBIT,Animals,1,Single word,Yes,"""H"" hand","Cross the ""H"" hands and place them at your ears then bend the fingers back and forth."
RACE,Sports and Games,1,Single word,Yes,"""A"" hand","With knuckles touching, shake both ""A"" hands at the wrists as one follows the other forward."
RADIO,Education and Communication,1,Single word,Yes,"""R"" hand","Swing the ""R"" hand back and forth at your ear."
RAIN,Science and Nature,1,Single word,Yes,"""R"" hand","Place both ""R"" hands above your head and drop the fingers down a few times."
RAINBOW,Science and Nature,1,Single word,No,,1. Wiggle fingers as you pull your hand down the face. 2. Sweep your arm over your head in an arc.
RASTA,"Family, People, and Pronouns",1,Single word,Yes,"""R"" hand","Wave the ""R"" hand down the side of the face."
RAT,Animals,1,Single word,Yes,"""R"" hand","Brush across the tip of the nose with the ""R"" fingers."
READ,Education and Communication,1,Single word,Yes,"""R"" hand","Fan the right ""R"" hand up and down over the left palm."
REAL MADRID,Sports and Games,2,Multi-word phrase,Yes,"""R"" hand","Move the right ""R"" hand forward from your lips."
REASON,Ideas and Mental Action,1,Single word,Yes,"""R"" hand","Circle the ""R"" hand against your temple."
RECEIVE,Activities,1,Single word,Yes,"""S"" hand; Open hand","With the right open hand above the left, bring both hands back while forming ""S"" hands."
RECENTLY,Time,1,Single word,Yes,"""X"" hand; Index finger (1)","Place the ""X"" hand next to your ear facing back and pull your index finger down."
RED,Colours,1,Single word,Yes,"""R"" hand","Move the ""R"" hand down your lips."
REDUCE,Money,1,Single word,Yes,Flat hand,"With the left palm facing right, lower the right flat hand from the left palm downward."
REFEREE,Sports and Games,1,Single word,Yes,"""U"" hand","Bring the right curved ""U"" hand to your mouth."
REFRIGERATOR,Home and Clothing,1,Single word,No,,Shake both hands at the side of the body with fists clenched.
REFUSE,Ideas and Mental Action,1,Single word,Yes,"""A"" hand","Place your ""A"" hand at your waist with the thumb upward and draw the arm over your right shoulder."
REFUSING,Idiomatic Expressions,1,Single word,Yes,Index finger (1),Rotate your index fingers from downward to upward while you accentuate the movement with your elbows.
REGION,Travel and Directions,1,Single word,Yes,"""R"" hand","Slide the ""R"" hand across your left thumb."
REJECTED,Idiomatic Expressions,1,Single word,Yes,Flat hand,Slide the right flat hand across the left hand.
RELATIONSHIP,"Family, People, and Pronouns",1,Single word,Yes,"""R"" hand","Place the fingertips of ""R"" hands together and rotate each hand."
RELAX,Activities,1,Single word,Yes,"""R"" hand","Cross both arms and rest them on opposite shoulders then brush the ""R"" hand fingertips down the shoulders."
RELEVIED,Idiomatic Expressions,1,Single word,No,,Place your right hand against your chest with thumb turned down and press all fingers together.
REMEMBER,Ideas and Mental Action,1,Single word,Yes,"""A"" hand","Pull the right ""A"" hand from the forehead to meet the other ""A"" hand at your waist by touching thumbs."
REMIND,Ideas and Mental Action,1,Single word,Yes,Bent hand; Fist / closed hand,Place the right bent hand on your right shoulder and pull back into a fist.
REPENT,Religion,1,Single word,Yes,"""R"" hand","Blace both ""R"" hands together at the wrist, then rotate hands and switch their positions."
REPRESENTATION,Politics,1,Single word,Yes,"""R"" hand","Place the ""R"" fingertips in the left palm and pull both hands upward."
RESPECT,Emotions and Character,1,Single word,Yes,"""R"" hand","Place the right ""R"" hand against your forehead and the left pointed outward, then curve both hands forward."
RESPONSIBLE,Emotions and Character,1,Single word,Yes,"""R"" hand","Tap your left shoulder with both ""R"" hands."
RESTAURANT,Food,1,Single word,Yes,"""R"" hand","Place the ""R"" hand fingers on the right side of the mouth then the left."
RESULT,Education and Communication,1,Single word,Yes,"""R"" hand","Wave both ""R"" hands down from your shoulders."
REVISE,Education and Communication,1,Single word,Yes,"""R"" hand","Slide the fingers of both ""R"" hands back and forth against each other."
RHINOCEROUS,Animals,1,Single word,Yes,"""I"" hand; Little finger (I)","Rest the ""I"" hand on the nose with the little finger facing forward."
RICE,Food,1,Single word,Yes,"""Q"" hand; Index finger (1)","Place the ""Q"" hand at the left index finger and flick the right index finger down a few times."
RICE BALL,Food,2,Multi-word phrase,Yes,Index finger (1); Open hand,1. Flick the right index finger against the left finger. 2. Form both open hands into a ball shape.
RICH,Opposites and Questions,1,Single word,Yes,Curved hand,Put the back of the right curved hand in the upturned left hand then move the right hand up.
RIDING,Travel and Directions,1,Single word,No,,"With the right hand inserted into the left, puch both hands forward."
RIGHT,Travel and Directions,1,Single word,Yes,"""R"" hand","Slide the right ""R"" hand to the right."
RIVER,Science and Nature,1,Single word,Yes,"""R"" hand","Place both ""R"" hands next to each other and wave them forward."
ROAD,Travel and Directions,1,Single word,Yes,"""R"" hand","Hold both ""R"" hands in front of you and wave them forward."
ROBBER,"Family, People, and Pronouns",1,Single word,Yes,"""I"" hand; ""R"" hand","Place the ""R"" hand under your nose then draw the hand outward. I Place the ""I"" hand against your chest."
ROCK,Science and Nature,1,Single word,No,,"Stirke both ""S ""hand wrists together with the right hand turned upward."
ROMAN CATHOLIC,Religion,2,Multi-word phrase,Yes,"""R"" hand","Using the ""R"" hand, draw a cross over your forehead."
ROOF,Home and Clothing,1,Single word,No,,Place both hands with palms facing down above the head and move them forward simultaneously.
ROOM,Home and Clothing,1,Single word,Yes,"""R"" hand","Place the ""R"" hands to the front with fingers facing forward and form the shape of a box."
RULER,Education and Communication,1,Single word,Yes,"""L"" hand; Index finger (1)","Trace the index finger of the left ""L"" hand with the right index finger."
RULES,Politics,1,Single word,Yes,"""R"" hand","Move the ""R"" hand from your fingertips to your palm."
RUN,Activities,1,Single word,Yes,"""G"" hand; Index finger (1)","Interlock the right index finger around the thumb of the left ""G"" hand and wave both hands forward."
RUSSIA,Travel and Directions,1,Single word,Yes,Open hand,Place both open hands at your waist with thumbs touching your body and wiggle the fingers.
SACRIFICE,Religion,1,Single word,Yes,"""S"" hand","Place both ""S"" hands against your abdomen then open your hands while moving them above your shoulders."
SAD,Emotions and Character,1,Single word,Yes,Open hand,Move both open hands down your face while wiggling the fingers.
SAINT,Religion,1,Single word,Yes,"""S"" hand","Slide the ""S"" hand across your upturned left palm."
SALT,Food,1,Single word,Yes,"""H"" hand; ""V"" hand","Alternate tapping the ""V"" hand fingers against the ""H"" hand fingers."
SAME,Opposites and Questions,1,Single word,Yes,"""Y"" hand","Shake the ""Y"" hand side-to-side with the palm facing down."
SANDALS,Home and Clothing,1,Single word,Yes,Open hand,Tap the right thumb between the index finger and thumb of the left open hand.
SATISFIED,Food,1,Single word,Yes,Flat hand,"With both palms facing down, place one flat hand at the chest and the other at the abdomen."
SATURDAY,Time,1,Single word,Yes,"""S"" hand","With your wrist pointing toward your body, rotate the ""S"" hand."
SAVE,Money,1,Single word,Yes,"""S"" hand","Cross both ""S"" hands over each other in front of your body then open your arms and rotate hands forward."
SAVELUGU SCHOOL FOR THE DEAF,Travel and Directions,5,Multi-word phrase,Yes,"""S"" hand; Index finger (1)","Tap your index finger on the wrist on the ""S"" hand twice."
SAY,Activities,1,Single word,Yes,Index finger (1),Place the right index finger on your mouth and pull it forward slightly.
SCAN,Technology,1,Single word,Yes,"""X"" hand; Flat hand","Slowly slide the ""X"" hand beneath the flat left hand."
SCHOOL,Education and Communication,1,Single word,No,,Tap the right fingertips into the left palm twice.
SCIENCE,Science and Nature,1,Single word,Yes,"""A"" hand","Point the thumbs of both ""A"" hands down and alternate dipping them in front of your body."
SCISSORS,Home and Clothing,1,Single word,Yes,"""V"" hand","Open and close the ""V"" hand fingers several times."
SDA,Religion,1,Fingerspelled,Yes,"""A"" hand; ""D"" hand; ""S"" hand","Spell the letters ""S"" ""D"" ""A"" while moving slightly to the right."
SEARCH,Activities,1,Single word,Yes,"""C"" hand","Place the right ""C"" hand by your eye and move it around in small circles."
SECOND,Money,1,Single word,Yes,"""G"" hand; Index finger (1)","Swing your right index finger to tap the index finger of the left ""G"" hand."
SECONDS,Time,1,Single word,Yes,Index finger (1),"With the index finger pointed upward, slightly rotate the right hand against the left palm."
SECRET,Ideas and Mental Action,1,Single word,Yes,"""A"" hand","Place the thumb of the ""A"" hand on your mouth and twist slightly to the left."
SECRETARY,Work,1,Single word,Yes,Index finger (1); Pinch (thumb + index),"With thumb and index fingers touching, swing the right hand from the ear across the left palm."
SEE,Health,1,Single word,Yes,Middle finger (8),Point to your eye with the index and middle fingers then pull your hand forward.
SEE FUTURE PROBLEMS,Idiomatic Expressions,3,Multi-word phrase,Yes,"""V"" hand","Place the ""V"" hand under the eyes and pull forward while making eye contact with the fingers."
SELECT,Activities,1,Single word,Yes,"""2"" hand; ""F"" hand","With the left ""2"" hand at your front, use the right ""F"" hand to pick one finger and then move upward."
SELFISH,Emotions and Character,1,Single word,Yes,"""V"" hand; Clawed hand","Place both ""V"" hands in front of you with fingers pointing out and pull back into clawed ""V"" hands."
SELL,Money,1,Single word,Yes,"""B"" hand","Curve both ""B"" hands toward the body and then swing both hands forward a few times."
SEMEN,Health,1,Single word,Yes,AND hand (flat O); Open hand,"Pull the open hand upward from the left palm and close into the ""AND"" hand."
SEND,Activities,1,Single word,Yes,Curved hand,Swing the fingertips of the right curved hand forward from the back of the left hand.
SENEGAL,Travel and Directions,1,Single word,Yes,"""L"" hand; ""S"" hand","Place the ""S"" hand against your left wrist then the ""L"" hand against your left elbow."
SENIOR,Education and Communication,1,Fingerspelled,Yes,"""R"" hand; ""S"" hand","Spell the letters ""S"" and ""R"" while moving the hand slightly to the right."
SENIOR HIGH SCHOOL,Education and Communication,3,Multi-word phrase,No,,"Sign the letters ""S"" ""H"" and ""S"" while moving the hand slightly to the right."
SENTENCE,Education and Communication,1,Single word,Yes,"""F"" hand","Interlock the fingertips of both ""F"" hands then pull the right hand away."
SEPARATE,Travel and Directions,1,Single word,Yes,Bent hand,Touch the knuckles of both bent hands together then pull them away in opposite directions.
SEPTEMBER,Time,1,Single word,Yes,"""S"" hand","Press ""S"" hand into the left palm then the back of the left hand."
SERVE,Activities,1,Single word,Yes,Flat hand,Alternate sliding both flat hands back and forth in front of the body.
SERVER,Work,1,Single word,Yes,Flat hand,Alternate sliding both flat hands forward and backward then slide your flat hands down the body.
SEW,Science and Nature,1,Single word,Yes,"""C"" hand; ""P"" hand","Insert the middle finger of the ""P"" hand into the left ""C hand."
SEWING,Home and Clothing,1,Single word,Yes,"""F"" hand","With both ""F"" hands, swing the right hand up and over the left as if sewing."
SEX,Health,1,Single word,Yes,"""X"" hand","Tap the ""X"" hand against your temple then cheek."
SHAME,Emotions and Character,1,Single word,Yes,Flat hand,"With fingers flat against your cheeks, rotate both flat hands forward from your cheeks."
SHARE,Activities,1,Single word,Yes,Open hand,Slide the right open hand out from the middle and index fingers of the left open hand a few times.
SHAVE,Home and Clothing,1,Single word,Yes,"""X"" hand","Slide the ""X"" hand upward on the cheek a few times."
SHAVED HEAD,Idiomatic Expressions,2,Multi-word phrase,Yes,"""A"" hand","Grasp the modified ""A"" hand and swing the right wrist around."
SHEEP,Animals,1,Single word,Yes,"""V"" hand","Place the back of the ""V"" hand on your forearm then open and close the fingers as they move up the forearm."
SHIRT,Home and Clothing,1,Single word,Yes,Index finger (1); Pinch (thumb + index),Grasp your shirt between thumb and index finger of both hands and pull slightly.
SHITO,Food,1,Single word,Yes,"""A"" hand; Index finger (1)","1. Pull the right index finger across your forehead. 2. Grind the ""A"" hand against the palm of the left hand."
SHOES,Home and Clothing,1,Single word,Yes,"""S"" hand","Strike the thumb sides of both ""S"" hands together."
SHORT,Opposites and Questions,1,Single word,Yes,"""A"" hand","Place the right plam down on the left ""A"" hand thumb and push downward."
SHOTPUT,Sports and Games,1,Single word,Yes,Clawed hand,Bring the clawed hand to the side of your head then move it forward with force.
SHOW,Activities,1,Single word,Yes,Index finger (1),Place the right index finger in the left palm and move both hands forward together.
SHRINE,Religion,1,Single word,Yes,"""J"" hand; Flat hand","1. Wiggle both ""J"" hands down from your shoulders. 2. Pull flat hands away from each other at the forehead."
SHUT YOUR MOUTH,Idiomatic Expressions,3,Multi-word phrase,Yes,"""Q"" hand","Place the ""Q"" hand horizontally at shoulder and pinch the fingers together as you move the hand forward."
SIBLING,"Family, People, and Pronouns",1,Single word,Yes,Index finger (1),Place both index fingers together facing forward.
SICK,Health,1,Single word,Yes,Middle finger (8),Tap both middle fingers against your body twice with one hand at your head and the other at your abdomen.
SICK OF YOU,Idiomatic Expressions,3,Multi-word phrase,Yes,Middle finger (8),Tap the middle finger of the right hand against your forehead while the left taps agains your abdomen.
SIGN LANGUAGE,Education and Communication,2,Multi-word phrase,Yes,"""L"" hand; Index finger (1)","1. Rotate both index fingers around each other. 2. Wave both ""L"" hands away from each other."
SILVER,Science and Nature,1,Single word,Yes,"""S"" hand","Place the ""S"" hand by the ear and swing it back and forth."
SIN,Religion,1,Single word,Yes,Index finger (1),"With index fingers facing forward, swing both hands down in a circular motion."
SINCE,Time,1,Single word,Yes,Index finger (1),Touch both index fingers to your right shoulder and pull both hands forward while pointing upward.
SISTER,"Family, People, and Pronouns",1,Single word,Yes,"""A"" hand; Index finger (1)","Make the sign for ""GIRL"" then point both index fingers forward and bring them together."
SIT,Activities,1,Single word,Yes,"""U"" hand","Place the fingers of the right ""U"" hand on top of the fingers of the left ""U"" hand and push down."
SKILL,Ideas and Mental Action,1,Single word,Yes,"""A"" hand; Little finger (I)","Cup the left little finger in your right hand and pull forward into ""A"" hand."
SKIRT,Home and Clothing,1,Single word,Yes,Flat hand,Brush the fingers of both flat hands downward and outward just below the waist.
SKY,Science and Nature,1,Single word,Yes,"""B"" hand","Sweep the ""B"" hand over your head."
SLAVE,Festivals and Holidays,1,Single word,No,,"Place both ""S"" wrists together and bounce your arms up and down."
SLEEP,Health,1,Single word,Yes,AND hand (flat O),"Touch all fingers to your forehead and thumb to your cheek then close into the ""AND"" hand over your eye."
SLOW,Opposites and Questions,1,Single word,Yes,Flat hand,Move the right flat hand slowly back over the left hand.
SMACK,Idiomatic Expressions,1,Single word,Yes,AND hand (flat O),"Push the open right hand into your cheek and close into the ""AND"" hand."
SMALL,Opposites and Questions,1,Single word,Yes,"""Q"" hand; Index finger (1); Pinch (thumb + index)","Hold the ""Q"" hand palm up then move the index finger and thumb together until they are barely touching."
SMART,Emotions and Character,1,Single word,Yes,Middle finger (8),Place the middle finger against your forehead and twist forward with the palm facing out.
SMELL,Health,1,Single word,Yes,Flat hand,Fan the flat hand toward your nose.
SMELLING SOMETHING GOOD,Idiomatic Expressions,3,Multi-word phrase,Yes,Index finger (1); Pinch (thumb + index),Lightly pinch your right nostril with your thumb and index finger.
SMILE,Activities,1,Single word,Yes,Index finger (1),Place both index fingers at opposite sides of your mouth and lift the index fingers up in arcs.
SMOCK,Festivals and Holidays,1,Single word,Yes,"""4"" hand","Fan both ""4"" hands outward and swing them side-to-side at your abdomen."
SMOKING,Health,1,Single word,Yes,Middle finger (8),Place the index and middle fingers against your mouth.
SNAIL,Animals,1,Single word,Yes,"""V"" hand","Wiggle the fingers of the ""V"" hand as you slide it forward across the left palm."
SNAKE,Animals,1,Single word,Yes,"""R"" hand","Place the ""R"" hand at the mouth with fingers touching your lips then move it forward in a wavy motion."
SNEAKING,Idiomatic Expressions,1,Single word,Yes,"""F"" hand","Swing both ""F"" hands back-andforth in front on your mouth."
SO,Ideas and Mental Action,1,Single word,Yes,"""V"" hand","Touch the fingertips of both horizontal ""V"" hands together and pull them away in opposite directions."
SOAP,Home and Clothing,1,Single word,No,,Rub the fingers of the right hand back and forth over the left palm.
SOCIAL STUDIES,Education and Communication,2,Multi-word phrase,Yes,"""S"" hand; Curved hand; Index finger (1)","Rotate the ""S"" hand around the left index finger while opening into the curved hand."
SOCIAL WELFARE,Politics,2,Multi-word phrase,Yes,"""S"" hand; ""W"" hand","1. Swing the ""S"" hand around the left pointer finger. 2 and 3.Curve both ""W"" hands in a circular pattern."
SOCKS,Home and Clothing,1,Single word,Yes,Index finger (1),Point both index fingers down while rubbing them up and down against each other alternately.
SOFT,Opposites and Questions,1,Single word,Yes,AND hand (flat O); Curved hand,"Drop both curved hands into ""AND"" hands at your front."
SOIL,Science and Nature,1,Single word,No,,Rub the thumbs against your fingers of both hands.
SOLDIER,Politics,1,Single word,Yes,"""S"" hand","Place both ""S"" hands against your side with one at the shoulder and the other at the waist."
SOLOMON,Religion,1,Single word,Yes,"""S"" hand","Place the ""S"" hand against your right temple."
SOME,Money,1,Single word,Yes,Flat hand,Slide the edge of the right flat hand backward against the palm of the left hand toward your body.
SOMEONE,"Family, People, and Pronouns",1,Single word,Yes,Flat hand,"1. Draw back the right flat hand against the left palm. 2. Make the sign for ""1."""
SON,"Family, People, and Pronouns",1,Single word,Yes,AND hand (flat O),"Make the sign for ""BOY"" then move the hand to the inner elbow."
SOON,Time,1,Single word,Yes,Bent hand,Place the fingers of the right bent hand flat against your cheek and twist forward slightly.
SORE,Health,1,Single word,Yes,"""O"" hand","Tap the ""O"" hand against your arm a few times."
SORRY,Education and Communication,1,Single word,Yes,"""S"" hand","Place the ""S"" hand on your chest and rotate in a circle."
SOUL,Religion,1,Single word,Yes,"""F"" hand","Draw the modified ""F"" hand from your heart to above the shoulder."
SOUP,Food,1,Single word,Yes,Curved hand,Wave the curved hand to your mouth several times.
SOUTH,Travel and Directions,1,Single word,Yes,"""S"" hand","Pull the ""S"" hand down in front of your body."
SOUTH AFRICA,Travel and Directions,2,Multi-word phrase,Yes,"""A"" hand; ""S"" hand","1. Pull the ""S"" hand down from your shoulder 2. Circle the face with the ""A"" hand with the thumb up."
SPAIN,Travel and Directions,1,Single word,Yes,"""X"" hand","Place both ""X"" hands at your forehead then cross your arms and touch both shoulders with your fingers."
SPAR,Sports and Games,1,Single word,Yes,"""A"" hand","Bring both ""A"" hands together at the tips of the thumbs then snap the right hand down."
SPEAK,Activities,1,Single word,Yes,"""3"" hand","Move the curved ""3"" hand back and forth in front of the mouth."
SPECIAL,Emotions and Character,1,Single word,Yes,Index finger (1),Pull up on the left index finger with your right hand.
SPIDER,Animals,1,Single word,Yes,Clawed hand,Place both clawed hands together at the wrists with palms facing down and wiggle the fingers.
SPIT,Health,1,Single word,Yes,Index finger (1); Pinch (thumb + index),"With your index finger and thumb together at your mouth, flick open your fingers and move forward."
SPOIL,Activities,1,Single word,Yes,Index finger (1),Place the right index finger on the left then swing the right finger over the left to the side.
SPOON,Food,1,Single word,Yes,"""U"" hand","Bring the ""U"" hand to the mouth a few times."
SPORTS,Sports and Games,1,Single word,Yes,"""S"" hand","Slide both ""S"" hand back and forth at your chest."
SPREAD,Activities,1,Single word,Yes,AND hand (flat O); Flat hand,"Hold both ""AND"" hands together at the fingertips then move the flat hands down to opposite sides."
SPREAD INFORMATION,Idiomatic Expressions,2,Multi-word phrase,Yes,AND hand (flat O),"With both ""AND"" hands touching the mouth then spread your hands forward while opening your fingers."
SPY,Idiomatic Expressions,1,Single word,Yes,"""K"" hand","Place the ""K"" hand up against your eye so the thumb rests on your cheekbone."
SQUIRREL,Animals,1,Single word,Yes,"""V"" hand","Hold the fingers of both curved ""V"" hands near each other with palms facing and tap the fingertips together."
STAND,Activities,1,Single word,Yes,"""V"" hand","Place the fingertips of the downturned ""V"" hand into the left palm."
STAPLER,Education and Communication,1,Single word,Yes,Index finger (1); Pinch (thumb + index),Pinch the side of the left palm between your right thumb and index finger.
STAR,Science and Nature,1,Single word,Yes,Index finger (1),Use both index fingers to point to the sky.
STARE AT ME HARD,Idiomatic Expressions,4,Multi-word phrase,Yes,"""V"" hand; Fist / closed hand","1. Point the horizontal ""V"" fingertips toward your eyes 2. Push your right fist out from under your chin."
STARE DOWN,Idiomatic Expressions,2,Multi-word phrase,Yes,"""V"" hand","Point both horizontal ""V"" hands at each other as if eyes are meeting."
START,Opposites and Questions,1,Single word,Yes,Index finger (1),Place the index finger against the back of the left thumb then rotate the right hand slightly.
STATE SCHOOL FOR THE DEAF,Travel and Directions,5,Multi-word phrase,Yes,"""G"" hand","Place the ""G"" hand on your left shoulder then clap your hands together."
STATE SWORD,Festivals and Holidays,2,Multi-word phrase,Yes,"""S"" hand","Swing the ""S"" hand back and forth in front of your face."
STAY,Activities,1,Single word,Yes,"""Y"" hand","Move both ""Y"" hands forward from the body."
STEAL,Activities,1,Single word,Yes,"""X"" hand; Index finger (1)","Place the right index finger at the left elbow then pull back into the ""X"" hand."
STEW,Food,1,Single word,Yes,"""S"" hand; ""W"" hand","Sweep upward from the ""S"" hand to the ""W"" hand."
STI,Health,1,Single word,No,,"Sign the letters ""S"" ""T"" and ""I"" while moving the hand slightly to the right."
STILL,Time,1,Single word,Yes,"""Y"" hand","Swing both ""Y"" hands forward from your abdomen."
STOMACH,Health,1,Single word,Yes,Flat hand,Place the flat hand against your stomach.
STOOL,Festivals and Holidays,1,Single word,Yes,"""U"" hand; Flat hand","Rest both ""U"" hands on each other then drop your writsts down and open into flat hands."
STOP,Opposites and Questions,1,Single word,Yes,Flat hand,Bring the little finger of the right flat hand down sharply onto the left palm.
STORY,Education and Communication,1,Single word,Yes,"""C"" hand; AND hand (flat O)","Interlock the fingertips of both modified ""C"" hands then pull the right hand away into the ""AND"" hand."
STRICT,Emotions and Character,1,Single word,Yes,"""V"" hand; Clawed hand","Pull the clawed ""V"" hand toward your mouth twice."
STRIKE,Activities,1,Single word,Yes,"""S"" hand","Swing the right ""S"" hand forward from your left temple to the side of your body."
STRONG,Opposites and Questions,1,Single word,No,,Make two fists while raising arms up and flexing.
STRUGGLE,Emotions and Character,1,Single word,Yes,"""S"" hand","Alternate bouncing each ""S"" hand over the other as you move the hands forward."
STUBBORN,Emotions and Character,1,Single word,Yes,Flat hand,Place the thumb of your flat hand against your temple and drop the hand forward while closing the hand.
STUDENT,Work,1,Single word,Yes,AND hand (flat O); Flat hand,"Bring your right ""AND"" hand from the left palm to the temple then slide your flat hands down the body."
STUPID,Emotions and Character,1,Single word,Yes,"""Y"" hand","Tap the ""Y"" hand against your forehead twice."
SUBJECT,Education and Communication,1,Single word,Yes,"""S"" hand","Tap both ""S"" hands to your chest then to your"
SUBTRACT,Money,1,Single word,Yes,Bent hand; Flat hand,Move the bent fingers of the right hand downward from the left flat palm.
SUCCESS,Education and Communication,1,Single word,Yes,Index finger (1),Place both index fingers pointing inward then rotate both hands so they point upward.
SUGAR,Food,1,Single word,No,,Brush the fingertips downward over the chin.
SUGAR CANE,Food,2,Multi-word phrase,Yes,Clawed hand,"Hold both clawed hands in front of your body at an angle, then slide the arms together to the left."
SUITCASE,Travel and Directions,1,Single word,Yes,"""S"" hand","Pull upward on both ""S"" hands with the palms facing upward."
SUN,Science and Nature,1,Single word,No,,Open the right hand toward your head.
SUNDAY,Time,1,Single word,Yes,Flat hand,Cross your arms and stroke both shoulders with flat hands.
SUNYANI,Travel and Directions,1,Single word,No,,"Sign the letters ""S"" ""U"" ""Y"" while slightly moving the hand to the right."
SUPPER,Food,1,Single word,Yes,"""S"" hand","Move the ""S"" hand toward the mouth a few times."
SUPPORT,Activities,1,Single word,Yes,"""S"" hand","Bring the right ""S"" hand up under the left ""S"" hand and move both hands up slightly."
SURE,Ideas and Mental Action,1,Single word,Yes,"""S"" hand","Place the ""S"" hand against your mouth and and pull it down to your abdomen."
SURPRISE,Emotions and Character,1,Single word,Yes,"""S"" hand; Index finger (1)","Place the ""S"" hands by your eyes then flick open your index fingers."
SUSPEND,Idiomatic Expressions,1,Single word,Yes,Index finger (1),Interlock your index fingers together and pull up with the right hand.
SWEAT,Health,1,Single word,Yes,"""X"" hand","Wipe your forehead with the ""X"" hand."
SWEET,Food,1,Single word,Yes,Index finger (1),Slide the index finger from the mouth and then snap the finger at the side.
SWIMMING,Sports and Games,1,Single word,Yes,Flat hand,Bring the backs of the flat hands together against your chest and move both hands to the sides of your body.
SYLLABUS,Education and Communication,1,Single word,Yes,"""S"" hand","Move the ""S"" hand from your fingertips to your palm."
SYSTEM,Technology,1,Single word,Yes,"""S"" hand","With both ""S"" hands, wave down from the face."
TABLE,Home and Clothing,1,Single word,Yes,"""T"" hand","Touch both ""T"" hands together in front of the body then draw hands to the sides and back simultaneously."
TABLE TENNIS,Sports and Games,2,Multi-word phrase,Yes,Flat hand,Slap the air in front of you back and forth with your right flat hand.
TAILOR,Work,1,Single word,Yes,Flat hand,"Rotate the right hand in a circle while your push the left forward,then slide your flat hands down the body."
TAKE,Activities,1,Single word,Yes,"""S"" hand; Open hand","Sweep the right open hand across the body, turning it into the ""S"" hand."
TAKORADI,Travel and Directions,1,Single word,No,,"Sign the letters ""T"" ""D"" ""I"" while slightly moving the hand to the right."
TALK,Education and Communication,1,Single word,Yes,Index finger (1),"With the index fingers of both hands up, alternate moving your hands back in forth at your mouth."
TALL,Opposites and Questions,1,Single word,Yes,Index finger (1); Open hand,Place the right index finger on the left open palm and move the right hand upward.
TAMALE,Travel and Directions,1,Single word,Yes,"""N"" hand","Place the ""N"" hand at shoulder level and flap your fingers."
TAPE,Education and Communication,1,Single word,Yes,"""A"" hand","Place the thumbs of both ""A"" hands together and pull away in opposite directions."
TARGET,Idiomatic Expressions,1,Single word,Yes,Clawed hand; Index finger (1),Place your index finger in front of the left clawed hand.
TASTE,Health,1,Single word,Yes,Middle finger (8),Touch the middle finger to your tongue.
TAXI,Travel and Directions,1,Single word,Yes,"""S"" hand","Place the ""S"" hand against your forehead then open all of your fingers."
TB,Health,1,Single word,No,,"Sign the letters ""T"" and ""B"" while moving the hand slightly to the right."
TEA,Food,1,Single word,Yes,"""C"" hand; ""F"" hand","Dip the ""F"" hand up and down over the ""C"" hand."
TEACHER,Work,1,Single word,Yes,AND hand (flat O); Flat hand,"Press both ""AND"" hands forward and backward at your head then slide your flat hands down the body."
TECHIMAN,Travel and Directions,1,Single word,Yes,"""T"" hand","1. Pull your right hand forward from the forehead. 2. Circle both ""T"" hands at head level in opposite ways."
TECHNICAL,Education and Communication,1,Single word,Yes,"""T"" hand","Rotate both ""T"" hands in front of your chest."
TEETH,Health,1,Single word,Yes,Index finger (1),Point to your teeth with the index finger.
TELEPHONE,Home and Clothing,1,Single word,Yes,"""Y"" hand; Little finger (I)","Place the ""Y"" hand at the side of the face with the thumb near the ear and the little finger near the mouth."
TELL,Activities,1,Single word,Yes,Index finger (1),Place the right index finger under your chin then swing the hand forward.
TELL YOU AGAIN AND AGAIN,Idiomatic Expressions,5,Multi-word phrase,Yes,Index finger (1),Place the index finger at the throat and draw it forward with force.
TELL YOU FREQUENTLY,Idiomatic Expressions,3,Multi-word phrase,Yes,Index finger (1),Push your index finger forward from the mouth several times.
TEMPERATURE,Science and Nature,1,Single word,Yes,Index finger (1),Slide the right index finger up the left index finger.
TEMPLE,Religion,1,Single word,Yes,"""T"" hand","Tap the left wrist with the ""T"" hand twice."
TEMPTATION,Religion,1,Single word,Yes,Index finger (1),Tap the left elbow with your index finger.
TEST,Education and Communication,1,Single word,Yes,Index finger (1),Place both index fingers at your shoulders and bend both fingers a few times.
TESTAMENT,Religion,1,Single word,Yes,"""T"" hand","Move the ""T"" hand from your fingertips to your palm."
TESTICLES,Health,1,Single word,Yes,AND hand (flat O),"Place both ""AND"" hands next to each other at your waist."
TESTIFY,Religion,1,Single word,Yes,"""T"" hand","Stirke the ""T"" hand forward from the shoulder."
TESTIMONY,Politics,1,Single word,Yes,"""T"" hand","Circle the ""T"" hand around your heart."
THAN,Money,1,Single word,Yes,Flat hand,Slap the fingertips of the left hand as you swing the right flat hand downward.
THANK YOU,Education and Communication,2,Multi-word phrase,Yes,Flat hand,Move both flat hands from your mouth to in front of your body.
THAT,"Family, People, and Pronouns",1,Single word,Yes,"""Y"" hand","Place the ""Y"" hand in the palm of your left hand."
THE,Grammar and Parts of Speech,1,Single word,Yes,"""T"" hand","Hold the ""T"" hand with the palm facing upward and rotate it forward."
THEN,Time,1,Single word,Yes,"""L"" hand","Place the ""L"" hand thumb in the left palm and twist forward."
THERE,"Family, People, and Pronouns",1,Single word,Yes,Flat hand,Point your flat hand in the direction of the object being referred to.
"THEY, THEM, THOSE, THESE","Family, People, and Pronouns",4,Multi-word phrase,No,,With the palm facing up move the hand across the body.
THIN,Opposites and Questions,1,Single word,Yes,"""I"" hand","Place both ""I"" hands at your abdomen and move them simultaneously up your body."
THINGS,Home and Clothing,1,Single word,Yes,Flat hand,Bounce the flat hand with the palm up a few times as you move it to the right.
THINK,Ideas and Mental Action,1,Single word,Yes,Index finger (1),Touch your index finger to your temple.
THINKING HARD,Idiomatic Expressions,2,Multi-word phrase,Yes,"""V"" hand","Place a curved ""V"" hand against your temple, then slap the knuckles of both curved ""V"" hands together."
THIRD,Money,1,Single word,Yes,"""3"" hand; Index finger (1)","Swing your right index finger to tap the middle finger of the left ""3"" hand."
THIRSTY,Health,1,Single word,Yes,Index finger (1),Draw the index finger down your throat.
THIS,"Family, People, and Pronouns",1,Single word,Yes,Index finger (1),Place your index finger in the palm of your left hand.
THREAD,Home and Clothing,1,Single word,Yes,"""I"" hand","Touch the little fingers of the ""I"" hands then draw them apart to the sides with a slight wavy motion."
THROUGH,Travel and Directions,1,Single word,Yes,Flat hand,Slide the right flat hand through the fingers of the left hand.
THROW,Sports and Games,1,Single word,Yes,Clawed hand,Move the right clawed hand forward quickly.
THUNDER,Science and Nature,1,Single word,Yes,"""S"" hand","Beat both ""S"" hands into your chest alternately."
THURSDAY,Time,1,Single word,Yes,"""H"" hand","With your wrist pointing toward your body, rotate the ""H"" hand."
TICKET,Sports and Games,1,Single word,Yes,"""V"" hand; Little finger (I)","Clasp the fingers of the bent right ""V"" hand between the little finger side of the left hand."
TIE,Home and Clothing,1,Single word,Yes,"""X"" hand","Use the ""X"" hands to make a tying motion in the air."
TIGER,Animals,1,Single word,Yes,Clawed hand,Place both clawed hands at the sides of your face and pull away in opposite directions.
TIRED,Health,1,Single word,Yes,Flat hand,Place both flat hands agaist your abdomen with the fingers on the waist and collapse hands downward.
TO,Travel and Directions,1,Single word,Yes,Index finger (1),Connect the right index finger to the left index finger in front of you.
TOFFEE,Food,1,Single word,Yes,Index finger (1),Place the index finger at the mouth and twist the hand at the wrist.
TOGETHER,Opposites and Questions,1,Single word,Yes,"""A"" hand","Place the knuckles of both ""A"" hands together and move them around in a circle."
TOGO,Travel and Directions,1,Single word,Yes,"""T"" hand","Place the ""T"" hand against your chest and rotate forward and down slightly."
TOILET,Home and Clothing,1,Single word,Yes,"""T"" hand","Place the ""T"" hand at the waist and move it down the side of the body."
TOM BROWN PORRIDGE,Food,3,Multi-word phrase,Yes,"""B"" hand; ""T"" hand","1. Place the ""T"" hand into the left palm. 2. Circle the ""B"" hand in the left palm."
TOMATO,Food,1,Single word,Yes,"""T"" hand","Place the thumb of the ""T"" hand on the cheek and twist back and forth."
TOMORROW,Time,1,Single word,Yes,"""A"" hand","With the ""A"" hand at the side of your mouth, rotate the thumb forward."
TONGUE,Health,1,Single word,Yes,Index finger (1),Point to your tongue with the index finger.
TOO SWEET,Idiomatic Expressions,2,Multi-word phrase,Yes,"""X"" hand","Point both ""X"" hands upward then cross your arms over one another."
TOOTHBRUSH,Health,1,Single word,Yes,Index finger (1),"With your right hand in front of your mouth, wiggle the index finger up and down."
TOOTHLESS,Idiomatic Expressions,1,Single word,Yes,ILY hand,"Use the ""ILY"" hand to sweep across your mouth."
TOPIC,Education and Communication,1,Single word,Yes,"""V"" hand","Hold both bent ""V"" hands at head level then slightly curve both hands outward."
TORCH LIGHT,Science and Nature,2,Multi-word phrase,Yes,Open hand,Grasp the wrist of the right open hand with the left hand.
TOTAL,Money,1,Single word,Yes,AND hand (flat O); Open hand,"Bring both open hands together while closing into ""AND"" hands."
TOUCH,Health,1,Single word,Yes,Middle finger (8),Place the middle finger on the back of your left hand.
TOWN,Travel and Directions,1,Single word,Yes,Index finger (1),"Sign the letter ""T"" then tap the thumb with your index finger twice."
TRADITIONAL,Religion,1,Single word,Yes,"""T"" hand","Place the ""T"" hand on the left wrist and move both hands in a downward motion."
TRAFFIC,Travel and Directions,1,Single word,Yes,Open hand,Line up both open hands in front of you and pull the right hand back.
TRAIN,Travel and Directions,1,Single word,Yes,Middle finger (8),Rub your right index and middle fingers back and forth against the left fingers.
TRANSMIT,Health,1,Single word,Yes,"""T"" hand","Lift both ""T"" hands from from the left to the right."
TRAVEL,Travel and Directions,1,Single word,Yes,"""V"" hand; Clawed hand","Push the clawed ""V"" hand in front of your body."
TREASURY,Politics,1,Single word,Yes,"""T"" hand","Sweep the upturned ""T"" hand across the left palm twice."
TREE,Science and Nature,1,Single word,Yes,Open hand,Place your right elbow on the left hand and wiggle the right open hand.
TROUBLE,Activities,1,Single word,Yes,Flat hand,Move both flat hands with palms facing out in alternating circles away from the body.
TROUSERS,Home and Clothing,1,Single word,Yes,"""P"" hand","Place both ""P"" hands just below the waist and move them upward."
TRUE,Opposites and Questions,1,Single word,Yes,Index finger (1),Move the right index finger in a forward arc from the lips.
TRUST,Ideas and Mental Action,1,Single word,Yes,"""T"" hand","Slide the ""T"" hand across your left palm."
TRY,Activities,1,Single word,Yes,"""T"" hand","Hold both ""T"" hands in front of the body then swing both hands forward with a flick of the wrists."
TUESDAY,Time,1,Single word,Yes,"""T"" hand","With your wrist pointing toward your body, rotate the ""T"" hand."
TURKEY,Animals,1,Single word,Yes,"""Q"" hand","With the palm facing down, place the ""Q"" hand at your nose."
TURTLE,Animals,1,Single word,Yes,"""A"" hand; Curved hand","Place the ""A"" hand under the left curved hand and wiggle the ""A"" thumb."
TV,Education and Communication,1,Single word,No,,"Sign the letters ""T"" and ""V"" while moving the hand slightly to the right."
TWICE,Money,1,Single word,Yes,"""2"" hand","Twist the right ""2"" hand upward."
TWINS,"Family, People, and Pronouns",1,Single word,Yes,"""T"" hand","Place the thumb of the ""T"" hand first on the left side of the chin, then on the right."
TYPING,Technology,1,Single word,No,,Wiggle your fingers and move your hands side-to-side as if typing on a keyboard.
TZ,Food,1,Fingerspelled,Yes,"""T"" hand; ""Z"" hand","Spell the letters ""T"" and ""Z"" while moving the hand slightly to the right."
UGLY,Opposites and Questions,1,Single word,Yes,Index finger (1),Place your index finger just below the nose then bend the index finger as the hand moves to the right.
UMBRELLA,Home and Clothing,1,Single word,Yes,"""S"" hand; ""X"" hand","Hold both ""S"" hands over each other then raise the right hand into the ""X"" hand."
UNCLE,"Family, People, and Pronouns",1,Single word,Yes,"""U"" hand","Shake the wrist of the ""U"" hand at the temple of your head."
UNDERSTAND,Ideas and Mental Action,1,Single word,Yes,"""S"" hand; Index finger (1)","Place the ""S"" hand on your temple and flick open the index finger."
UNDERSTAND FULLY,Idiomatic Expressions,2,Multi-word phrase,Yes,Index finger (1),Flick open your index finger while lifting your hand slightly.
UNIVERSE,Science and Nature,1,Single word,Yes,"""U"" hand","With both ""U"" hands, circle the right hand around the left."
UNIVERSITY,Education and Communication,1,Single word,Yes,"""U"" hand","Sweep the ""U"" hand forward over your left palm."
UP,Opposites and Questions,1,Single word,Yes,"""P"" hand; ""U"" hand","Move the ""U"" hand upward changing it into the ""P"" hand."
UPPER EAST,Travel and Directions,2,Multi-word phrase,Yes,"""E"" hand; ""U"" hand","Draw the ""U"" hand up from the waist then move the ""E"" hand to the right."
UPPER WEST,Travel and Directions,2,Multi-word phrase,Yes,"""U"" hand; ""W"" hand","Draw the ""U"" hand up from the waist then move the ""W"" hand to the left."
URINATE,Health,1,Single word,Yes,"""T"" hand","Shake the ""T"" hand in front of your waist."
US,"Family, People, and Pronouns",1,Single word,Yes,"""U"" hand","Touch the ""U"" hand on the right shoulder, then rotate it forward until it touches the left shoulder."
USE,Activities,1,Single word,Yes,"""U"" hand","Move the right ""U' hand in small circles in front of the body."
VAGINA,Health,1,Single word,Yes,"""V"" hand","Wave the ""V"" hands back and forth in front of your body."
VAGINAL FLUID,Health,2,Multi-word phrase,Yes,"""V"" hand; ""W"" hand","1. Wave the ""V"" hand in front of your body. 2. Place the ""W"" hand against your lips."
VAIN,Emotions and Character,1,Single word,Yes,"""V"" hand","Point both ""V"" hands at yourself and draw them toward your face."
VALLEY,Science and Nature,1,Single word,Yes,"""V"" hand","With fingertips forward, place both ""V"" hands at head level then swing them down to meet at your chest."
VANISH,Idiomatic Expressions,1,Single word,Yes,Middle finger (8),"With middle fingers pointed down, swing the right hand above the left hand."
VARIETY OF THINGS,Idiomatic Expressions,3,Multi-word phrase,Yes,"""V"" hand","Alternate up and down movements with both ""V"" hands."
VEGETABLE,Food,1,Single word,Yes,"""V"" hand","Place the index finger of the ""V"" hand on the cheek and twist back and forth."
VERB,Grammar and Parts of Speech,1,Single word,Yes,"""V"" hand","Tap the ""V"" hand at the side of the mouth."
VERSE,Religion,1,Single word,Yes,Index finger (1); Pinch (thumb + index),Place your index finger and thumb together and move your hand from head level to abdomen.
VERY,Ideas and Mental Action,1,Single word,Yes,"""V"" hand","Touch the fingertips of both vertical ""V"" hands together and pull them away in opposite directions."
VERY THIN,Idiomatic Expressions,2,Multi-word phrase,Yes,"""I"" hand; Little finger (I)","Point the little fingers of both ""I"" hands at each other vertically and pull them apart in opposite directions."
VILLAGE,Travel and Directions,1,Single word,Yes,"""V"" hand","Place both ""V"" hands together at the fingertips then pull them away from each other in opposite directions."
VIOLET,Colours,1,Single word,Yes,"""V"" hand","Place the index finger of the ""V"" hand on your temple and rotate your hand at the wrist."
VIRGIN,Religion,1,Single word,Yes,"""V"" hand","Draw the ""V"" hand down the middle of your face from forehead to chin."
VISION,Religion,1,Single word,Yes,"""V"" hand; Flat hand","Place the ""V"" hand at your face and the left flat hand in front of that, then pull the ""V"" hand to the right."
VISIT,Travel and Directions,1,Single word,Yes,"""V"" hand","Spin both ""V"" hands around each other in a forward motion."
VOCABULARY,Education and Communication,1,Single word,Yes,"""V"" hand; Index finger (1)","Tap the ""V"" hand fingertips against your left index finger."
VOCATION,Work,1,Single word,Yes,"""V"" hand","Place the ""V"" hand facing forward on the back of the left wrist and wiggle the ""V"" hand."
VOICE,Health,1,Single word,Yes,"""V"" hand","Place the index finger of the ""V"" hand under your chin and pull it forward."
VOLLEYBALL,Sports and Games,1,Single word,No,,"With your right hand rested in the left palm, move both hands up and forward in front of the body."
VOLTA REGION,Travel and Directions,2,Multi-word phrase,No,,"Sign the letters ""V"" and ""R"" while moving your hand slightly to the right."
VOLUNTEER,Activities,1,Single word,Yes,"""F"" hand","Pinch the right shoulder with the thumb and index finger of the right ""F"" hand and lean forward slightly."
VOMIT,Health,1,Single word,Yes,"""C"" hand","Place the upturned ""C"" hand at your throat and move it upward and forward in an arc pattern."
VOTE,Politics,1,Single word,Yes,"""F"" hand","Place the ""F"" hand fingers into a curved left hand."
WA,Travel and Directions,1,Single word,No,,"Sign the letters ""W"" and ""A"" while slightly moving the hand to the right."
WAAKYE,Food,1,Single word,Yes,"""W"" hand","Slightly twist the right ""W"" hand as it meets the left ""W"" hand."
WAIT,Activities,1,Single word,Yes,Open hand,Place both open hands with palms up and one slightly in front of the other then wiggle the fingers.
WALK,Activities,1,Single word,Yes,Flat hand,Alternate pushing both flat hands in front of each other.
WALL,Home and Clothing,1,Single word,Yes,Flat hand,Place both flat hands on top of one another with palms facing the body then move the right hand up.
WANT,Ideas and Mental Action,1,Single word,Yes,Clawed hand,Pull both upturned clawed hands towards your body.
WAR,Politics,1,Single word,Yes,"""W"" hand","Place both ""W"" hands in front of yout chest and slide them back and forth together."
WARN,Activities,1,Single word,Yes,"""W"" hand","Tap the fingers of the ""W"" hand against the top of the left hand."
WASH,Home and Clothing,1,Single word,Yes,"""A"" hand","Rub both ""A"" hands together at the knuckles."
WASH MY HANDS OF YOU,Idiomatic Expressions,5,Multi-word phrase,Yes,Flat hand,Wipe both flat hands against each other and repeat in the opposite direction.
WASSE,Education and Communication,1,Single word,Yes,"""W"" hand","Place the ""W"" hand at your waist and pull it straight upward."
WATER,Food,1,Single word,Yes,"""W"" hand","Touch the mouth several times with the index finger of the ""W"" hand."
WATERMELON,Food,1,Single word,Yes,Curved hand,Place both curved hands at the mouth and move then downward.
WE,"Family, People, and Pronouns",1,Single word,Yes,Index finger (1),"Touch the index finger on the right shoulder, then move it to the left shoulder."
WEAK,Opposites and Questions,1,Single word,Yes,Curved hand,Rock the right curved hand back and forth in the left palm.
WEATHER,Science and Nature,1,Single word,Yes,"""W"" hand","Touch the thumbs of both ""W"" hands and rotate both hands back and forth."
WEAVE,Festivals and Holidays,1,Single word,Yes,Index finger (1),Interlock your right index finger through the left fingers.
WEDDING,"Family, People, and Pronouns",1,Single word,Yes,Flat hand,"Place both flat hands pointing down, then move the right hand to the inner thumb of the left hand."
WEDNESDAY,Time,1,Single word,Yes,"""W"" hand","With your wrist pointing toward your body, rotate the ""W"" hand."
WEE,Health,1,Single word,Yes,"""F"" hand","Place the thumb and index finger of the ""F"" hand against your mouth."
WEEK,Time,1,Single word,Yes,Index finger (1),"With the index finger forward, slide the right hand across the left palm."
WEIGH,Money,1,Single word,Yes,"""W"" hand","With palms facing up, move both ""W"" hands up and down alternately."
WELCOME,Activities,1,Single word,Yes,Curved hand,Sweep the right curved hand in toward the body.
WELDER,Work,1,Single word,Yes,"""G"" hand; Flat hand","Point the index finger of the ""G"" hand back and forth at your palm then slide your flat hands down the body."
WELL,Health,1,Single word,Yes,"""S"" hand","Place the fingers of both hands against your shoulders then pull forward into ""S"" hands."
WEST,Travel and Directions,1,Single word,Yes,"""W"" hand","Slide the left ""W"" hand to the left."
WESTERN REGION,Travel and Directions,2,Multi-word phrase,No,,"Sign the letters ""W"" and ""R"" while moving your hand slightly to the right."
WET,Opposites and Questions,1,Single word,Yes,"""W"" hand","Slide the right ""W"" hand across your chin from left to right."
WHAT,Opposites and Questions,1,Single word,Yes,Index finger (1),Pass the tip of the right index finger down over the left palm.
WHAT DID I TELL YOU,Idiomatic Expressions,5,Multi-word phrase,No,,Point to your ear and lean forward while slightly shaking your head side-to-side.
WHEAT,Food,1,Single word,Yes,"""W"" hand; Index finger (1)","Place the thumb of the ""W"" hand at the left index finger and flick upward a few times."
WHEN,Opposites and Questions,1,Single word,Yes,Index finger (1),Hold both index fingers forward at your side with palms up then twist both hands so palms face down.
WHERE,Opposites and Questions,1,Single word,Yes,Index finger (1),Hold the right index finger up and shake it rapidly back and forth.
WHICH,Opposites and Questions,1,Single word,Yes,"""A"" hand","With the thumbs pointed upward, move the ""A"" hands alternately up and down."
WHITE,Colours,1,Single word,Yes,AND hand (flat O),"Open the hand on your chest and pull forward into the ""AND"" hand."
WHO,Opposites and Questions,1,Single word,Yes,Index finger (1),Make a small circle in front of the lips with your right index finger.
WHY,Opposites and Questions,1,Single word,Yes,"""Y"" hand; Flat hand","Touch the forehead with the flat right hand then pull forward into the ""Y"" hand."
WICKED,Emotions and Character,1,Single word,Yes,"""X"" hand; Index finger (1)","Touch your index finger to your temple and pull away into ""X"" hand."
WIFE,"Family, People, and Pronouns",1,Single word,Yes,"""A"" hand","Make the sign for ""GIRL"" then clasp both hands together."
WILL,Time,1,Single word,Yes,"""W"" hand","Place the ""W"" hand near your right ear and draw it forward."
WIMP,Idiomatic Expressions,1,Single word,Yes,"""Y"" hand; Flat hand","Move the ""Y"" hand from the corner of your mouth to a flat hand facing upward across your waist."
WIND,Science and Nature,1,Single word,Yes,"""W"" hand","Fan both ""W"" hands side to side."
WINDOW,Home and Clothing,1,Single word,Yes,"""B"" hand","Place both ""B"" hands in front with palms facing the body and rotate both hands so the palms face down."
WINE,Food,1,Single word,Yes,"""W"" hand","Place the ""W"" hand against the cheek and rotate in a backward motion."
WINNEBA,Education and Communication,1,Single word,Yes,"""W"" hand","Tap the index finger of the ""W"" hand to your temple twice."
WISE,Emotions and Character,1,Single word,Yes,"""X"" hand","Pull the ""X"" hand down your forward."
WISH,Ideas and Mental Action,1,Single word,Yes,"""C"" hand","Slide both ""C"" hands down your abdomen with one above the other."
WITH,Opposites and Questions,1,Single word,Yes,"""A"" hand","Bring both ""A"" hands together at the knuckles."
WITHOUT,Opposites and Questions,1,Single word,Yes,"""A"" hand; Open hand","With ""A"" hands together at the knuckles, separate both into open hands."
WITNESS,Politics,1,Single word,Yes,"""W"" hand","Pull the ""W"" hand over your left palm towards your body then rotate it and place it in the palm again."
WOMAN,"Family, People, and Pronouns",1,Single word,Yes,"""A"" hand","Make the sign for ""GIRL"" and raise the hand to the top of the forehead."
WONDERFUL,Opposites and Questions,1,Single word,Yes,Flat hand; Open hand,Move the flat open hands up and forward a few times with palms facing out.
WOOD,Science and Nature,1,Single word,Yes,"""W"" hand","With both ""W"" hands, rub the right hand against the left backward and forward."
WORD,Education and Communication,1,Single word,Yes,"""Q"" hand; Index finger (1)","Slide the ""Q"" hand fingertips to your left index finger from the right."
WORKSHOP,Work,1,Single word,Yes,"""S"" hand; ""W"" hand; Index finger (1)","Place both ""W"" hands together at the index fingers and circle them downward into ""S"" hands."
WORLD,Science and Nature,1,Single word,Yes,"""W"" hand","With both ""W"" hands, circle the right hand around the left."
WORM,Animals,1,Single word,Yes,Index finger (1),Wiggle the index finger as it moves forward along the left palm.
WORRY,Emotions and Character,1,Single word,Yes,"""W"" hand","In small circles, rotate both ""W"" hands at your forehead."
WORSE,Opposites and Questions,1,Single word,Yes,"""W"" hand","Hold both ""W"" hands at the sides of the body with palms up then cross one on top of the other."
WORSHIP,Religion,1,Single word,No,,Cup one hand around the other and pull them down slightly in front of your face.
WRESTLING,Sports and Games,1,Single word,No,,Interlock the fingers of both hands then rock them from side to side.
WRITER,Work,1,Single word,Yes,"""A"" hand; Flat hand","Wave the modified ""A"" hand across your left palm then slide your flat hands down the body."
WRONG,Opposites and Questions,1,Single word,Yes,"""Y"" hand","Place the ""Y"" hand at the chin with the palm facing back."
YAM,Food,1,Single word,Yes,Flat hand,Bring the right flat hand down against the back of the left forearm.
YEAR,Time,1,Single word,Yes,"""S"" hand","With both ""S"" hands in front of your body, circle the right hand around the left."
YELLOW,Colours,1,Single word,Yes,"""Y"" hand","Shake the ""Y"" hand at the wrist."
YES,Opposites and Questions,1,Single word,Yes,"""S"" hand","Nod the right ""S"" hand up and down with knuckles facing forward."
YESTERDAY,Time,1,Single word,Yes,"""Y"" hand","Touch the thumb of the ""Y"" hand to your cheek then to the ear."
YOU,"Family, People, and Pronouns",1,Single word,Yes,Index finger (1),Point the index finger to the person being addressed.
YOU'RE FUNNY,Idiomatic Expressions,2,Multi-word phrase,Yes,"""V"" hand","Draw the ""V"" hand from the tip of your nose forward."
YOUNG,"Family, People, and Pronouns",1,Single word,No,,"With palms facing up and turned into to your body, tap the fingers at each hip."
YOUR,"Family, People, and Pronouns",1,Single word,Yes,Flat hand,Place the flat hand in front of the body with your palm facing the person being addressed.
YOUR ARE INTERFERING,Idiomatic Expressions,3,Multi-word phrase,Yes,Index finger (1); Pinch (thumb + index),Place the right forearm between the thumb and index finger of the left hand.
YOURSELF,"Family, People, and Pronouns",1,Single word,Yes,"""A"" hand","Hold the right ""A"" hand thumb up, and move the hand forward in the direction of the person being addressed."
ZEBRA,Animals,1,Single word,Yes,Clawed hand,Place both clawed bands on an angle against the body and pull away in opposite directions.
ZIMBABWE,Travel and Directions,1,Single word,Yes,Flat hand,Place both flat hands at shoulder level facing out and lightly pull them back and forth.
ZIP,Home and Clothing,1,Single word,Yes,"""A"" hand","Hold both ""A"" hands at waist level then slide the right hand straight upward to the chest."
